alg	cnt	n	e	k	m	pf	band	s	h:m:s	max_rss	max_vms	max_uss	max_pss	io_in	io_out	m_load	cpu_time
pa	10000	100	0.01	6	0	0.01	1.018	0.1473	0:00:00	2.87	7.10	0.46	0.64	0.00	0.00	0.00	0.00
pa	10000	100	0.01	6	0	0.4	1.018	0.1716	0:00:00	2.80	7.10	0.45	0.62	0.00	0.00	0.00	0.00
pa	10000	100	0.01	6	0	0.8	1.018	0.2201	0:00:00	2.75	7.10	0.45	0.62	0.00	0.00	0.00	0.00
pa	10000	100	0.01	6	0	1.0	1.018	0.2282	0:00:00	2.75	7.10	0.45	0.63	0.00	0.00	0.00	0.00
pa	10000	100	0.01	7	0	0.01	1.018	0.1394	0:00:00	2.76	7.10	0.45	0.63	0.00	0.00	0.00	0.00
pa	10000	100	0.01	7	0	0.4	1.018	0.1554	0:00:00	2.73	7.10	0.45	0.61	0.00	0.00	0.00	0.00
pa	10000	100	0.01	7	0	0.8	1.018	0.1616	0:00:00	2.78	7.10	0.45	0.62	0.00	0.00	0.00	0.00
pa	10000	100	0.01	7	0	1.0	1.018	0.1999	0:00:00	2.77	7.10	0.45	0.64	0.00	0.00	0.00	0.00
pa	10000	100	0.01	8	0	0.01	1.018	0.1374	0:00:00	2.87	7.10	0.46	0.64	0.00	0.00	0.00	0.00
pa	10000	100	0.01	8	0	0.4	1.018	0.1417	0:00:00	2.86	7.10	0.47	0.64	0.00	0.00	0.00	0.00
pa	10000	100	0.01	8	0	0.8	1.018	0.1588	0:00:00	2.80	7.10	0.45	0.61	0.00	0.00	0.00	0.00
pa	10000	100	0.01	8	0	1.0	1.018	0.1657	0:00:00	2.87	7.10	0.45	0.62	0.00	0.00	0.00	0.00
pa	10000	100	0.01	9	0	0.01	1.018	0.1180	0:00:00	2.77	7.10	0.46	0.63	0.00	0.00	0.00	0.00
pa	10000	100	0.01	9	0	0.4	1.018	0.1547	0:00:00	2.94	7.10	0.45	0.62	0.00	0.00	0.00	0.00
pa	10000	100	0.01	9	0	0.8	1.018	0.1406	0:00:00	2.88	7.10	0.45	0.62	0.00	0.00	0.00	0.00
pa	10000	100	0.01	9	0	1.0	1.018	0.1304	0:00:00	2.79	7.10	0.45	0.62	0.00	0.00	0.00	0.00
pa	10000	100	0.01	10	0	0.01	1.018	0.1276	0:00:00	3.00	7.10	0.45	0.62	0.00	0.00	0.00	0.00
pa	10000	100	0.01	10	0	0.4	1.018	0.1275	0:00:00	2.95	7.10	0.45	0.63	0.00	0.00	0.00	0.00
pa	10000	100	0.01	10	0	0.8	1.018	0.1284	0:00:00	2.77	7.10	0.45	0.62	0.00	0.00	0.00	0.00
pa	10000	100	0.01	10	0	1.0	1.018	0.1304	0:00:00	2.79	7.10	0.45	0.62	0.00	0.00	0.00	0.00
pa	10000	100	0.01	11	0	0.01	1.018	0.1083	0:00:00	2.87	7.10	0.47	0.65	0.00	0.00	0.00	0.00
pa	10000	100	0.01	11	0	0.4	1.018	0.1147	0:00:00	2.81	7.10	0.45	0.61	0.00	0.00	0.00	0.00
pa	10000	100	0.01	11	0	0.8	1.018	0.1192	0:00:00	2.79	7.10	0.45	0.63	0.00	0.00	0.00	0.00
pa	10000	100	0.01	11	0	1.0	1.018	0.1279	0:00:00	2.75	7.10	0.45	0.62	0.00	0.00	0.00	0.00
pa	10000	100	0.01	15	0	0.01	1.018	0.0900	0:00:00	2.88	7.10	0.45	0.62	0.00	0.00	0.00	0.00
pa	10000	100	0.01	15	0	0.4	1.018	0.1047	0:00:00	2.92	7.10	0.45	0.63	0.00	0.00	0.00	0.00
pa	10000	100	0.01	15	0	0.8	1.018	0.0995	0:00:00	2.83	7.10	0.45	0.63	0.00	0.00	0.00	0.00
pa	10000	100	0.01	15	0	1.0	1.018	0.0993	0:00:00	2.73	7.10	0.45	0.63	0.00	0.00	0.00	0.00
pa	10000	100	0.01	20	0	0.01	1.018	0.0875	0:00:00	2.76	7.10	0.45	0.63	0.00	0.00	0.00	0.00
pa	10000	100	0.01	20	0	0.4	1.018	0.0944	0:00:00	2.96	7.10	0.45	0.63	0.00	0.00	0.00	0.00
pa	10000	100	0.01	20	0	0.8	1.018	0.0882	0:00:00	2.75	7.10	0.45	0.62	0.00	0.00	0.00	0.00
pa	10000	100	0.01	20	0	1.0	1.018	0.0914	0:00:00	2.93	7.10	0.45	0.62	0.00	0.00	0.00	0.00
pa	10000	100	0.01	32	0	0.01	1.018	0.1776	0:00:00	2.82	7.10	0.45	0.62	0.00	0.00	0.00	0.00
pa	10000	100	0.01	32	0	0.4	1.018	0.1744	0:00:00	2.88	7.10	0.45	0.62	0.00	0.00	0.00	0.00
pa	10000	100	0.01	32	0	0.8	1.018	0.1853	0:00:00	2.74	7.10	0.45	0.62	0.00	0.00	0.00	0.00
pa	10000	100	0.01	32	0	1.0	1.018	0.1838	0:00:00	2.79	7.10	0.45	0.63	0.00	0.00	0.00	0.00
pa	10000	100	0.01	7	1	0.01	1.018	0.5879	0:00:00	9.06	20.77	3.47	3.92	0.00	0.00	0.00	0.52
pa	10000	100	0.01	7	1	0.4	1.018	0.7011	0:00:00	9.17	20.77	3.46	3.89	0.00	0.00	0.00	0.51
pa	10000	100	0.01	7	1	0.8	1.018	0.7067	0:00:00	9.23	20.77	3.47	3.91	0.00	0.00	0.00	0.51
pa	10000	100	0.01	7	1	1.0	1.018	0.7333	0:00:00	9.09	20.77	3.45	3.88	0.00	0.00	0.00	0.51
pa	10000	100	0.01	8	1	0.01	1.018	0.5182	0:00:00	2.79	7.10	0.45	0.62	0.00	0.00	0.00	0.00
pa	10000	100	0.01	8	1	0.4	1.018	0.5612	0:00:00	9.18	20.77	3.43	3.86	0.00	0.00	0.00	0.51
pa	10000	100	0.01	8	1	0.8	1.018	0.6963	0:00:00	8.96	20.77	3.44	3.88	0.00	0.00	0.00	0.50
pa	10000	100	0.01	8	1	1.0	1.018	0.6734	0:00:00	8.96	20.77	3.43	3.85	0.00	0.00	0.00	0.52
pa	10000	100	0.01	9	1	0.01	1.018	0.5077	0:00:00	2.77	7.10	0.47	0.65	0.00	0.00	0.00	0.00
pa	10000	100	0.01	9	1	0.4	1.018	0.5469	0:00:00	8.98	20.77	3.45	3.89	0.00	0.00	0.00	0.52
pa	10000	100	0.01	9	1	0.8	1.018	0.6251	0:00:00	9.01	20.77	3.43	3.87	0.00	0.00	0.00	0.51
pa	10000	100	0.01	9	1	1.0	1.018	0.5991	0:00:00	9.14	20.77	3.45	3.87	0.00	0.00	0.00	0.52
pa	10000	100	0.01	10	1	0.01	1.018	0.4557	0:00:00	2.73	7.10	0.45	0.62	0.00	0.00	0.00	0.00
pa	10000	100	0.01	10	1	0.4	1.018	0.4975	0:00:00	2.74	7.10	0.45	0.62	0.00	0.00	0.00	0.00
pa	10000	100	0.01	10	1	0.8	1.018	0.6172	0:00:00	9.01	20.77	3.45	3.87	0.00	0.00	0.00	0.50
pa	10000	100	0.01	10	1	1.0	1.018	0.5293	0:00:00	2.80	7.10	0.45	0.62	0.00	0.00	0.00	0.00
pa	10000	100	0.01	11	1	0.01	1.018	0.4377	0:00:00	2.79	7.10	0.45	0.62	0.00	0.00	0.00	0.00
pa	10000	100	0.01	11	1	0.4	1.018	0.4587	0:00:00	2.95	7.10	0.45	0.62	0.00	0.00	0.00	0.00
pa	10000	100	0.01	11	1	0.8	1.018	0.5059	0:00:00	2.71	7.10	0.45	0.63	0.00	0.00	0.00	0.00
pa	10000	100	0.01	11	1	1.0	1.018	0.4786	0:00:00	2.89	7.10	0.46	0.63	0.00	0.00	0.00	0.00
pa	10000	100	0.01	14	1	0.01	1.018	0.3851	0:00:00	2.77	7.10	0.45	0.62	0.00	0.00	0.00	0.00
pa	10000	100	0.01	14	1	0.4	1.018	0.3998	0:00:00	2.85	7.10	0.46	0.65	0.00	0.00	0.00	0.00
pa	10000	100	0.01	14	1	0.8	1.018	0.4347	0:00:00	2.80	7.10	0.45	0.62	0.00	0.00	0.00	0.00
pa	10000	100	0.01	14	1	1.0	1.018	0.4217	0:00:00	2.86	7.10	0.45	0.62	0.00	0.00	0.00	0.00
pa	10000	100	0.05	6	0	0.01	1.127	0.1691	0:00:00	2.75	7.10	0.45	0.61	0.00	0.00	0.00	0.00
pa	10000	100	0.05	6	0	0.4	1.124	0.2296	0:00:00	2.81	7.10	0.45	0.62	0.00	0.00	0.00	0.00
pa	10000	100	0.05	6	0	0.8	1.123	0.2375	0:00:00	2.78	7.10	0.47	0.65	0.00	0.00	0.00	0.00
pa	10000	100	0.05	6	0	1.0	1.123	0.1996	0:00:00	2.81	7.10	0.45	0.62	0.00	0.00	0.00	0.00
pa	10000	100	0.05	7	0	0.01	1.134	0.1633	0:00:00	2.89	7.10	0.45	0.63	0.00	0.00	0.00	0.00
pa	10000	100	0.05	7	0	0.4	1.131	0.1745	0:00:00	2.86	7.10	0.45	0.62	0.00	0.00	0.00	0.00
pa	10000	100	0.05	7	0	0.8	1.130	0.1862	0:00:00	2.73	7.10	0.45	0.61	0.00	0.00	0.00	0.00
pa	10000	100	0.05	7	0	1.0	1.130	0.1746	0:00:00	2.87	7.10	0.45	0.63	0.00	0.00	0.00	0.00
pa	10000	100	0.05	8	0	0.01	1.143	0.1464	0:00:00	2.77	7.10	0.45	0.62	0.00	0.00	0.00	0.00
pa	10000	100	0.05	8	0	0.4	1.139	0.1532	0:00:00	2.77	7.10	0.45	0.64	0.00	0.00	0.00	0.00
pa	10000	100	0.05	8	0	0.8	1.138	0.1654	0:00:00	2.88	7.10	0.45	0.62	0.00	0.00	0.00	0.00
pa	10000	100	0.05	8	0	1.0	1.138	0.1631	0:00:00	2.94	7.10	0.45	0.63	0.00	0.00	0.00	0.00
pa	10000	100	0.05	9	0	0.01	1.148	0.1412	0:00:00	2.86	7.10	0.45	0.63	0.00	0.00	0.00	0.00
pa	10000	100	0.05	9	0	0.4	1.145	0.1499	0:00:00	2.87	7.10	0.45	0.62	0.00	0.00	0.00	0.00
pa	10000	100	0.05	9	0	0.8	1.144	0.1585	0:00:00	2.80	7.10	0.46	0.63	0.00	0.00	0.00	0.00
pa	10000	100	0.05	9	0	1.0	1.144	0.1577	0:00:00	2.73	7.10	0.45	0.62	0.00	0.00	0.00	0.00
pa	10000	100	0.05	10	0	0.01	1.155	0.1511	0:00:00	2.81	7.10	0.45	0.62	0.00	0.00	0.00	0.00
pa	10000	100	0.05	10	0	0.4	1.152	0.1463	0:00:00	2.84	7.10	0.45	0.64	0.00	0.00	0.00	0.00
pa	10000	100	0.05	10	0	0.8	1.151	0.1524	0:00:00	2.80	7.10	0.45	0.62	0.00	0.00	0.00	0.00
pa	10000	100	0.05	10	0	1.0	1.151	0.1489	0:00:00	2.83	7.10	0.45	0.62	0.00	0.00	0.00	0.00
pa	10000	100	0.05	11	0	0.01	1.163	0.1347	0:00:00	2.79	7.10	0.45	0.62	0.00	0.00	0.00	0.00
pa	10000	100	0.05	11	0	0.4	1.161	0.1414	0:00:00	2.79	7.10	0.45	0.62	0.00	0.00	0.00	0.00
pa	10000	100	0.05	11	0	0.8	1.159	0.1434	0:00:00	2.81	7.10	0.45	0.61	0.00	0.00	0.00	0.00
pa	10000	100	0.05	11	0	1.0	1.159	0.1447	0:00:00	2.86	7.10	0.45	0.62	0.00	0.00	0.00	0.00
pa	10000	100	0.05	15	0	0.01	1.211	0.1313	0:00:00	2.86	7.10	0.47	0.65	0.00	0.00	0.00	0.00
pa	10000	100	0.05	15	0	0.4	1.207	0.1295	0:00:00	2.76	7.10	0.45	0.63	0.00	0.00	0.00	0.00
pa	10000	100	0.05	15	0	0.8	1.204	0.1266	0:00:00	2.93	7.10	0.45	0.62	0.00	0.00	0.00	0.00
pa	10000	100	0.05	15	0	1.0	1.200	0.1323	0:00:00	3.00	7.10	0.45	0.62	0.00	0.00	0.00	0.00
pa	10000	100	0.05	20	0	0.01	1.234	0.1356	0:00:00	2.79	7.10	0.45	0.61	0.00	0.00	0.00	0.00
pa	10000	100	0.05	20	0	0.4	1.233	0.1216	0:00:00	2.78	7.10	0.45	0.62	0.00	0.00	0.00	0.00
pa	10000	100	0.05	20	0	0.8	1.231	0.1207	0:00:00	2.78	7.10	0.45	0.62	0.00	0.00	0.00	0.00
pa	10000	100	0.05	20	0	1.0	1.231	0.1381	0:00:00	2.80	7.10	0.45	0.61	0.00	0.00	0.00	0.00
pa	10000	100	0.05	32	0	0.01	1.371	0.3529	0:00:00	2.86	7.10	0.45	0.63	0.00	0.00	0.00	0.00
pa	10000	100	0.05	32	0	0.4	1.370	0.2783	0:00:00	2.86	7.10	0.45	0.64	0.00	0.00	0.00	0.00
pa	10000	100	0.05	32	0	0.8	1.367	0.3809	0:00:00	2.73	7.10	0.45	0.63	0.00	0.00	0.00	0.00
pa	10000	100	0.05	32	0	1.0	1.367	0.3777	0:00:00	2.79	7.10	0.45	0.62	0.00	0.00	0.00	0.00
pa	10000	100	0.05	7	1	0.01	1.110	0.6331	0:00:00	8.92	20.77	3.47	3.89	0.00	0.00	0.00	0.51
pa	10000	100	0.05	7	1	0.4	1.110	0.6480	0:00:00	9.04	20.77	3.46	3.90	0.00	0.00	0.00	0.51
pa	10000	100	0.05	7	1	0.8	1.110	0.7078	0:00:00	9.17	20.77	3.49	3.92	0.00	0.00	0.00	0.51
pa	10000	100	0.05	7	1	1.0	1.110	0.7086	0:00:00	9.00	20.77	3.46	3.90	0.00	0.00	0.00	0.51
pa	10000	100	0.05	8	1	0.01	1.115	0.5086	0:00:00	2.87	7.10	0.45	0.63	0.00	0.00	0.00	0.00
pa	10000	100	0.05	8	1	0.4	1.114	0.5867	0:00:00	9.05	20.77	3.48	3.90	0.00	0.00	0.00	0.51
pa	10000	100	0.05	8	1	0.8	1.114	0.6067	0:00:00	9.18	20.77	3.50	3.94	0.00	0.00	0.00	0.51
pa	10000	100	0.05	8	1	1.0	1.114	0.6116	0:00:00	9.18	20.77	3.47	3.89	0.00	0.00	0.00	0.52
pa	10000	100	0.05	9	1	0.01	1.117	0.5435	0:00:00	9.04	20.77	3.46	3.88	0.00	0.00	0.00	0.52
pa	10000	100	0.05	9	1	0.4	1.116	0.5284	0:00:00	9.04	20.77	3.46	3.88	0.00	0.00	0.00	0.50
pa	10000	100	0.05	9	1	0.8	1.116	0.5565	0:00:00	9.09	20.77	3.47	3.89	0.00	0.00	0.00	0.51
pa	10000	100	0.05	9	1	1.0	1.116	0.5664	0:00:00	8.93	20.77	3.48	3.91	0.00	0.00	0.00	0.51
pa	10000	100	0.05	10	1	0.01	1.120	0.5100	0:00:00	2.86	7.10	0.47	0.64	0.00	0.00	0.00	0.00
pa	10000	100	0.05	10	1	0.4	1.120	0.5362	0:00:00	9.00	20.77	3.45	3.87	0.00	0.00	0.00	0.51
pa	10000	100	0.05	10	1	0.8	1.120	0.5305	0:00:00	2.86	7.10	0.45	0.63	0.00	0.00	0.00	0.00
pa	10000	100	0.05	10	1	1.0	1.120	0.5176	0:00:00	2.75	7.10	0.45	0.63	0.00	0.00	0.00	0.00
pa	10000	100	0.05	11	1	0.01	1.124	0.4234	0:00:00	2.86	7.10	0.45	0.62	0.00	0.00	0.00	0.00
pa	10000	100	0.05	11	1	0.4	1.124	0.4589	0:00:00	2.74	7.10	0.45	0.61	0.00	0.00	0.00	0.00
pa	10000	100	0.05	11	1	0.8	1.124	0.4723	0:00:00	2.81	7.10	0.45	0.62	0.00	0.00	0.00	0.00
pa	10000	100	0.05	11	1	1.0	1.124	0.4693	0:00:00	2.81	7.10	0.45	0.63	0.00	0.00	0.00	0.00
pa	10000	100	0.05	14	1	0.01	1.137	0.3861	0:00:00	2.82	7.10	0.45	0.62	0.00	0.00	0.00	0.00
pa	10000	100	0.05	14	1	0.4	1.137	0.3986	0:00:00	2.74	7.10	0.45	0.62	0.00	0.00	0.00	0.00
pa	10000	100	0.05	14	1	0.8	1.137	0.4111	0:00:00	2.75	7.10	0.45	0.62	0.00	0.00	0.00	0.00
pa	10000	100	0.05	14	1	1.0	1.137	0.4252	0:00:00	2.96	7.10	0.47	0.65	0.00	0.00	0.00	0.00
pa	10000	100	0.2	6	0	0.01	3.900	0.5386	0:00:00	10.00	20.89	3.61	4.05	0.00	0.00	0.00	0.51
pa	10000	100	0.2	6	0	0.4	3.542	0.5341	0:00:00	9.90	20.89	3.61	4.05	0.00	0.00	0.00	0.50
pa	10000	100	0.2	6	0	0.8	3.215	0.5001	0:00:00	2.73	7.10	0.45	0.62	0.00	0.00	0.00	0.00
pa	10000	100	0.2	6	0	1.0	3.076	0.4762	0:00:00	2.86	7.10	0.45	0.64	0.00	0.00	0.00	0.00
pa	10000	100	0.2	7	0	0.01	4.320	0.5840	0:00:00	10.03	20.89	3.58	4.04	0.00	0.00	0.00	0.51
pa	10000	100	0.2	7	0	0.4	4.090	0.5753	0:00:00	9.84	20.89	3.58	4.01	0.00	0.00	0.00	0.52
pa	10000	100	0.2	7	0	0.8	3.866	0.5520	0:00:00	9.67	20.89	3.58	4.00	0.00	0.00	0.00	0.52
pa	10000	100	0.2	7	0	1.0	3.755	0.5384	0:00:00	2.86	7.10	0.45	0.62	0.00	0.00	0.00	0.00
pa	10000	100	0.2	8	0	0.01	4.962	0.6555	0:00:00	9.10	20.89	3.55	3.97	0.00	0.00	0.00	0.50
pa	10000	100	0.2	8	0	0.4	4.818	0.6800	0:00:00	9.08	20.89	3.58	4.00	0.00	0.00	0.00	0.51
pa	10000	100	0.2	8	0	0.8	4.667	0.6375	0:00:00	9.77	20.89	3.58	4.02	0.00	0.00	0.00	0.50
pa	10000	100	0.2	8	0	1.0	4.587	0.6177	0:00:00	9.79	20.89	3.57	3.99	0.00	0.00	0.00	0.53
pa	10000	100	0.2	9	0	0.01	5.209	0.7201	0:00:00	8.98	20.89	3.55	3.98	0.00	0.00	0.00	0.51
pa	10000	100	0.2	9	0	0.4	5.123	0.6870	0:00:00	9.86	20.89	3.60	4.02	0.00	0.00	0.00	0.51
pa	10000	100	0.2	9	0	0.8	5.033	0.6630	0:00:00	9.00	20.89	3.57	3.99	0.00	0.00	0.00	0.51
pa	10000	100	0.2	9	0	1.0	4.986	0.6638	0:00:00	9.04	20.89	3.56	3.99	0.00	0.00	0.00	0.51
pa	10000	100	0.2	10	0	0.01	5.519	0.7450	0:00:00	9.71	20.89	3.61	4.05	0.00	0.00	0.00	0.51
pa	10000	100	0.2	10	0	0.4	5.467	0.7134	0:00:00	9.11	20.89	3.56	3.99	0.00	0.00	0.00	0.51
pa	10000	100	0.2	10	0	0.8	5.414	0.6889	0:00:00	9.81	20.89	3.58	4.00	0.00	0.00	0.00	0.50
pa	10000	100	0.2	10	0	1.0	5.387	0.6938	0:00:00	10.04	20.89	3.57	4.00	0.00	0.00	0.00	0.50
pa	10000	100	0.2	11	0	0.01	5.845	0.7238	0:00:00	10.00	20.89	3.59	4.02	0.00	0.00	0.00	0.50
pa	10000	100	0.2	11	0	0.4	5.813	0.7446	0:00:00	9.71	20.89	3.59	4.03	0.00	0.00	0.00	0.51
pa	10000	100	0.2	11	0	0.8	5.782	0.7148	0:00:00	9.93	20.89	3.62	4.04	0.00	0.00	0.00	0.50
pa	10000	100	0.2	11	0	1.0	5.764	0.7065	0:00:00	9.97	20.89	3.64	4.06	0.00	0.00	0.00	0.50
pa	10000	100	0.2	15	0	0.01	6.637	0.7580	0:00:00	9.83	20.89	3.62	4.04	0.00	0.00	0.00	0.54
pa	10000	100	0.2	15	0	0.4	6.633	0.7756	0:00:00	9.70	20.89	3.60	4.02	0.00	0.00	0.00	0.50
pa	10000	100	0.2	15	0	0.8	6.630	0.7669	0:00:00	9.86	20.89	3.63	4.05	0.00	0.00	0.00	0.51
pa	10000	100	0.2	15	0	1.0	6.628	0.7930	0:00:00	9.77	20.89	3.61	4.04	0.00	0.00	0.00	0.52
pa	10000	100	0.2	20	0	0.01	6.695	0.7472	0:00:00	9.89	20.89	3.60	4.03	0.00	0.00	0.00	0.52
pa	10000	100	0.2	20	0	0.4	6.695	0.7498	0:00:00	9.75	20.89	3.61	4.03	0.00	0.00	0.00	0.52
pa	10000	100	0.2	20	0	0.8	6.694	0.7500	0:00:00	9.91	20.89	3.58	4.01	0.00	0.00	0.00	0.52
pa	10000	100	0.2	20	0	1.0	6.694	0.7687	0:00:00	9.59	20.89	3.59	4.01	0.00	0.00	0.00	0.50
pa	10000	100	0.2	32	0	0.01	7.062	1.0379	0:00:01	9.12	20.89	3.59	4.01	0.00	0.00	0.00	0.54
pa	10000	100	0.2	32	0	0.4	7.053	1.1233	0:00:01	9.69	20.89	3.58	4.01	0.00	0.00	45.36	1.02
pa	10000	100	0.2	32	0	0.8	7.044	1.0782	0:00:01	10.05	20.89	3.56	4.01	0.00	0.00	48.27	1.02
pa	10000	100	0.2	32	0	1.0	7.040	1.0690	0:00:01	9.77	20.89	3.58	4.01	0.00	0.00	47.77	1.02
pa	10000	100	0.2	7	1	0.01	2.098	0.7582	0:00:00	9.65	20.89	3.60	4.04	0.00	0.00	0.00	0.51
pa	10000	100	0.2	7	1	0.4	1.899	0.6262	0:00:00	9.82	20.89	3.61	4.04	0.00	0.00	0.00	0.51
pa	10000	100	0.2	7	1	0.8	1.839	0.6385	0:00:00	9.66	20.89	3.59	4.01	0.00	0.00	0.00	0.52
pa	10000	100	0.2	7	1	1.0	1.822	0.8195	0:00:00	9.79	20.89	3.62	4.05	0.00	0.00	0.00	0.51
pa	10000	100	0.2	8	1	0.01	2.476	0.6122	0:00:00	9.69	20.89	3.62	4.03	0.00	0.00	0.00	0.53
pa	10000	100	0.2	8	1	0.4	2.203	0.5993	0:00:00	9.89	20.90	3.59	4.02	0.00	0.00	0.00	0.51
pa	10000	100	0.2	8	1	0.8	2.085	0.6039	0:00:00	9.73	20.89	3.61	4.03	0.00	0.00	0.00	0.51
pa	10000	100	0.2	8	1	1.0	2.050	0.6056	0:00:00	9.69	20.89	3.62	4.03	0.00	0.00	0.00	0.51
pa	10000	100	0.2	9	1	0.01	2.578	0.5749	0:00:00	9.82	20.89	3.60	4.04	0.00	0.00	0.00	0.51
pa	10000	100	0.2	9	1	0.4	2.389	0.5757	0:00:00	9.77	20.89	3.59	4.02	0.00	0.00	0.00	0.52
pa	10000	100	0.2	9	1	0.8	2.275	0.5832	0:00:00	9.76	20.89	3.62	4.04	0.00	0.00	0.00	0.52
pa	10000	100	0.2	9	1	1.0	2.235	0.5673	0:00:00	9.65	20.89	3.60	4.02	0.00	0.00	0.00	0.50
pa	10000	100	0.2	10	1	0.01	2.825	0.5816	0:00:00	9.68	20.89	3.60	4.02	0.00	0.00	0.00	0.50
pa	10000	100	0.2	10	1	0.4	2.666	0.5758	0:00:00	9.79	20.89	3.61	4.04	0.00	0.00	0.00	0.51
pa	10000	100	0.2	10	1	0.8	2.549	0.5918	0:00:00	9.68	20.89	3.57	3.99	0.00	0.00	0.00	0.51
pa	10000	100	0.2	10	1	1.0	2.500	0.5753	0:00:00	9.77	20.89	3.61	4.04	0.00	0.00	0.00	0.50
pa	10000	100	0.2	11	1	0.01	3.190	0.6136	0:00:00	9.76	20.89	3.59	4.03	0.00	0.00	0.00	0.50
pa	10000	100	0.2	11	1	0.4	3.035	0.6031	0:00:00	9.74	20.89	3.62	4.04	0.00	0.00	0.00	0.51
pa	10000	100	0.2	11	1	0.8	2.911	0.5901	0:00:00	9.72	20.90	3.61	4.03	0.00	0.00	0.00	0.51
pa	10000	100	0.2	11	1	1.0	2.850	0.7843	0:00:00	9.76	20.89	3.61	4.04	0.00	0.00	0.00	0.51
pa	10000	100	0.2	14	1	0.01	4.264	0.7048	0:00:00	9.84	20.89	3.61	4.05	0.00	0.00	0.00	0.51
pa	10000	100	0.2	14	1	0.4	4.189	0.7243	0:00:00	9.20	20.89	3.56	3.99	0.00	0.00	0.00	0.51
pa	10000	100	0.2	14	1	0.8	4.108	0.8619	0:00:00	9.99	20.89	3.58	4.01	0.00	0.00	0.00	0.50
pa	10000	100	0.2	14	1	1.0	4.063	0.7100	0:00:00	9.77	20.89	3.60	4.04	0.00	0.00	0.00	0.51
pa	1000	1000	0.01	6	0	0.01	1.022	0.2453	0:00:00	2.82	7.10	0.45	0.62	0.00	0.00	0.00	0.00
pa	1000	1000	0.01	6	0	0.4	1.022	0.2366	0:00:00	2.89	7.10	0.45	0.65	0.00	0.00	0.00	0.00
pa	1000	1000	0.01	6	0	0.8	1.022	0.1920	0:00:00	2.83	7.10	0.45	0.65	0.00	0.00	0.00	0.00
pa	1000	1000	0.01	6	0	1.0	1.022	0.1974	0:00:00	2.88	7.10	0.45	0.64	0.00	0.00	0.00	0.00
pa	1000	1000	0.01	7	0	0.01	1.022	0.1386	0:00:00	2.75	7.10	0.45	0.62	0.00	0.00	0.00	0.00
pa	1000	1000	0.01	7	0	0.4	1.022	0.1642	0:00:00	2.73	7.10	0.45	0.62	0.00	0.00	0.00	0.00
pa	1000	1000	0.01	7	0	0.8	1.022	0.1716	0:00:00	2.80	7.10	0.45	0.61	0.00	0.00	0.00	0.00
pa	1000	1000	0.01	7	0	1.0	1.022	0.1588	0:00:00	2.77	7.10	0.46	0.64	0.00	0.00	0.00	0.00
pa	1000	1000	0.01	8	0	0.01	1.022	0.1234	0:00:00	2.78	7.10	0.45	0.62	0.00	0.00	0.00	0.00
pa	1000	1000	0.01	8	0	0.4	1.022	0.1397	0:00:00	2.82	7.10	0.45	0.62	0.00	0.00	0.00	0.00
pa	1000	1000	0.01	8	0	0.8	1.022	0.1405	0:00:00	2.75	7.10	0.45	0.61	0.00	0.00	0.00	0.00
pa	1000	1000	0.01	8	0	1.0	1.022	0.1308	0:00:00	2.81	7.10	0.45	0.62	0.00	0.00	0.00	0.00
pa	1000	1000	0.01	9	0	0.01	1.023	0.1942	0:00:00	2.88	7.10	0.45	0.62	0.00	0.00	0.00	0.00
pa	1000	1000	0.01	9	0	0.4	1.022	0.1319	0:00:00	2.81	7.10	0.46	0.64	0.00	0.00	0.00	0.00
pa	1000	1000	0.01	9	0	0.8	1.022	0.1341	0:00:00	2.85	7.10	0.45	0.62	0.00	0.00	0.00	0.00
pa	1000	1000	0.01	9	0	1.0	1.022	0.1454	0:00:00	2.74	7.10	0.45	0.61	0.00	0.00	0.00	0.00
pa	1000	1000	0.01	10	0	0.01	1.023	0.1133	0:00:00	2.79	7.10	0.45	0.62	0.00	0.00	0.00	0.00
pa	1000	1000	0.01	10	0	0.4	1.023	0.1294	0:00:00	2.86	7.10	0.45	0.63	0.00	0.00	0.00	0.00
pa	1000	1000	0.01	10	0	0.8	1.023	0.1242	0:00:00	2.75	7.10	0.45	0.62	0.00	0.00	0.00	0.00
pa	1000	1000	0.01	10	0	1.0	1.023	0.1700	0:00:00	2.82	7.10	0.45	0.72	0.00	0.00	0.00	0.00
pa	1000	1000	0.01	11	0	0.01	1.024	0.0979	0:00:00	2.82	7.10	0.46	0.70	0.00	0.00	0.00	0.00
pa	1000	1000	0.01	11	0	0.4	1.023	0.1154	0:00:00	2.82	7.10	0.45	0.68	0.00	0.00	0.00	0.00
pa	1000	1000	0.01	11	0	0.8	1.023	0.1125	0:00:00	2.76	7.10	0.45	0.66	0.00	0.00	0.00	0.00
pa	1000	1000	0.01	11	0	1.0	1.023	0.1117	0:00:00	2.81	7.10	0.45	0.65	0.00	0.00	0.00	0.00
pa	1000	1000	0.01	15	0	0.01	1.025	0.0844	0:00:00	2.75	7.10	0.45	0.65	0.00	0.00	0.00	0.00
pa	1000	1000	0.01	15	0	0.4	1.024	0.0932	0:00:00	2.74	7.10	0.45	0.64	0.00	0.00	0.00	0.00
pa	1000	1000	0.01	15	0	0.8	1.024	0.0964	0:00:00	2.88	7.10	0.45	0.64	0.00	0.00	0.00	0.00
pa	1000	1000	0.01	15	0	1.0	1.024	0.1021	0:00:00	2.80	7.10	0.45	0.65	0.00	0.00	0.00	0.00
pa	1000	1000	0.01	20	0	0.01	1.028	0.0781	0:00:00	2.79	7.10	0.45	0.65	0.00	0.00	0.00	0.00
pa	1000	1000	0.01	20	0	0.4	1.026	0.0813	0:00:00	8.36	19.93	2.94	3.44	0.00	0.00	0.00	0.01
pa	1000	1000	0.01	20	0	0.8	1.026	0.0894	0:00:00	2.88	7.10	0.45	0.65	0.00	0.00	0.00	0.00
pa	1000	1000	0.01	20	0	1.0	1.026	0.0840	0:00:00	2.82	7.10	0.45	0.62	0.00	0.00	0.00	0.00
pa	1000	1000	0.01	32	0	0.01	1.232	3.0483	0:00:03	10.61	21.43	4.28	4.71	0.00	0.00	67.68	2.57
pa	1000	1000	0.01	32	0	0.4	1.226	3.1277	0:00:03	10.45	21.43	4.28	4.71	0.00	0.00	82.75	3.10
pa	1000	1000	0.01	32	0	0.8	1.224	3.1379	0:00:03	10.36	21.43	4.30	4.72	0.00	0.00	82.25	3.09
pa	1000	1000	0.01	32	0	1.0	1.223	3.1708	0:00:03	10.59	21.43	5.57	6.13	0.00	0.00	81.15	3.10
pa	1000	1000	0.01	7	1	0.01	1.021	0.7528	0:00:00	9.34	20.41	3.34	3.77	0.00	0.00	0.00	0.52
pa	1000	1000	0.01	7	1	0.4	1.021	0.8382	0:00:00	9.43	20.42	3.35	3.79	0.00	0.00	0.00	0.51
pa	1000	1000	0.01	7	1	0.8	1.021	0.9543	0:00:00	9.45	20.31	3.30	3.73	0.00	0.00	0.00	0.51
pa	1000	1000	0.01	7	1	1.0	1.021	1.3272	0:00:01	9.56	20.29	3.30	3.73	0.00	0.00	38.48	1.02
pa	1000	1000	0.01	8	1	0.01	1.021	0.6580	0:00:00	9.69	20.25	3.24	3.68	0.00	0.00	0.00	0.50
pa	1000	1000	0.01	8	1	0.4	1.021	0.7185	0:00:00	9.32	20.27	3.23	3.67	0.00	0.00	0.00	0.51
pa	1000	1000	0.01	8	1	0.8	1.021	0.7563	0:00:00	9.40	20.26	3.22	3.63	0.00	0.00	0.00	0.50
pa	1000	1000	0.01	8	1	1.0	1.021	0.9303	0:00:00	9.21	20.25	3.23	3.66	0.00	0.00	0.00	0.51
pa	1000	1000	0.01	9	1	0.01	1.021	0.5568	0:00:00	9.44	20.26	3.24	3.68	0.00	0.00	0.00	0.50
pa	1000	1000	0.01	9	1	0.4	1.021	0.5984	0:00:00	9.50	20.27	3.20	3.64	0.00	0.00	0.00	0.50
pa	1000	1000	0.01	9	1	0.8	1.021	0.6405	0:00:00	9.32	20.23	3.22	3.64	0.00	0.00	0.00	0.51
pa	1000	1000	0.01	9	1	1.0	1.021	0.7605	0:00:00	9.46	20.22	3.23	3.68	0.00	0.00	0.00	0.51
pa	1000	1000	0.01	10	1	0.01	1.021	0.5041	0:00:00	2.89	7.10	0.45	0.63	0.00	0.00	0.00	0.00
pa	1000	1000	0.01	10	1	0.4	1.021	0.5520	0:00:00	9.38	20.27	3.20	3.63	0.00	0.00	0.00	0.51
pa	1000	1000	0.01	10	1	0.8	1.021	0.6141	0:00:00	9.58	20.28	3.20	3.62	0.00	0.00	0.00	0.51
pa	1000	1000	0.01	10	1	1.0	1.021	0.7255	0:00:00	9.50	20.29	3.20	3.79	0.00	0.00	0.00	0.52
pa	1000	1000	0.01	11	1	0.01	1.022	0.4755	0:00:00	9.10	20.28	3.20	3.79	0.00	0.00	0.00	0.02
pa	1000	1000	0.01	11	1	0.4	1.022	0.5300	0:00:00	9.48	20.28	3.20	3.71	0.00	0.00	0.00	0.51
pa	1000	1000	0.01	11	1	0.8	1.022	0.5751	0:00:00	9.45	20.27	3.20	3.69	0.00	0.00	0.00	0.51
pa	1000	1000	0.01	11	1	1.0	1.022	0.6154	0:00:00	9.12	20.27	3.23	3.73	0.00	0.00	0.00	0.51
pa	1000	1000	0.01	14	1	0.01	1.022	0.4187	0:00:00	2.75	7.10	0.45	0.64	0.00	0.00	0.00	0.00
pa	1000	1000	0.01	14	1	0.4	1.022	0.4618	0:00:00	2.82	7.10	0.45	0.65	0.00	0.00	0.00	0.00
pa	1000	1000	0.01	14	1	0.8	1.022	0.5132	0:00:00	9.12	20.25	3.16	3.66	0.00	0.00	0.00	0.02
pa	1000	1000	0.01	14	1	1.0	1.022	0.5765	0:00:00	9.09	20.26	3.19	3.69	0.00	0.00	0.00	0.50
pa	1000	1000	0.05	6	0	0.01	1.421	0.2101	0:00:00	2.77	7.10	0.45	0.62	0.00	0.00	0.00	0.00
pa	1000	1000	0.05	6	0	0.4	1.143	0.1977	0:00:00	2.79	7.10	0.47	0.64	0.00	0.00	0.00	0.00
pa	1000	1000	0.05	6	0	0.8	1.140	0.2072	0:00:00	2.73	7.10	0.46	0.64	0.00	0.00	0.00	0.00
pa	1000	1000	0.05	6	0	1.0	1.139	0.2165	0:00:00	2.78	7.10	0.46	0.64	0.00	0.00	0.00	0.00
pa	1000	1000	0.05	7	0	0.01	1.526	0.2022	0:00:00	2.77	7.10	0.45	0.62	0.00	0.00	0.00	0.00
pa	1000	1000	0.05	7	0	0.4	1.157	0.1717	0:00:00	2.75	7.10	0.45	0.62	0.00	0.00	0.00	0.00
pa	1000	1000	0.05	7	0	0.8	1.152	0.1865	0:00:00	2.86	7.10	0.45	0.64	0.00	0.00	0.00	0.00
pa	1000	1000	0.05	7	0	1.0	1.151	0.1787	0:00:00	2.88	7.10	0.45	0.62	0.00	0.00	0.00	0.00
pa	1000	1000	0.05	8	0	0.01	1.641	0.1931	0:00:00	2.77	7.10	0.45	0.62	0.00	0.00	0.00	0.00
pa	1000	1000	0.05	8	0	0.4	1.176	0.1526	0:00:00	2.82	7.10	0.45	0.63	0.00	0.00	0.00	0.00
pa	1000	1000	0.05	8	0	0.8	1.166	0.1605	0:00:00	2.82	7.10	0.45	0.62	0.00	0.00	0.00	0.00
pa	1000	1000	0.05	8	0	1.0	1.164	0.1583	0:00:00	2.81	7.10	0.45	0.64	0.00	0.00	0.00	0.00
pa	1000	1000	0.05	9	0	0.01	1.812	0.2022	0:00:00	2.87	7.10	0.45	0.62	0.00	0.00	0.00	0.00
pa	1000	1000	0.05	9	0	0.4	1.199	0.1544	0:00:00	2.91	7.10	0.45	0.63	0.00	0.00	0.00	0.00
pa	1000	1000	0.05	9	0	0.8	1.182	0.1565	0:00:00	2.87	7.10	0.45	0.63	0.00	0.00	0.00	0.00
pa	1000	1000	0.05	9	0	1.0	1.179	0.1540	0:00:00	2.75	7.10	0.45	0.62	0.00	0.00	0.00	0.00
pa	1000	1000	0.05	10	0	0.01	1.974	0.2221	0:00:00	2.89	7.10	0.45	0.62	0.00	0.00	0.00	0.00
pa	1000	1000	0.05	10	0	0.4	1.230	0.1671	0:00:00	2.80	7.10	0.45	0.62	0.00	0.00	0.00	0.00
pa	1000	1000	0.05	10	0	0.8	1.204	0.1572	0:00:00	2.78	7.10	0.45	0.62	0.00	0.00	0.00	0.00
pa	1000	1000	0.05	10	0	1.0	1.198	0.1471	0:00:00	2.86	7.10	0.45	0.63	0.00	0.00	0.00	0.00
pa	1000	1000	0.05	11	0	0.01	2.197	0.2503	0:00:00	2.92	7.10	0.45	0.62	0.00	0.00	0.00	0.00
pa	1000	1000	0.05	11	0	0.4	1.271	0.2144	0:00:00	2.73	7.10	0.45	0.61	0.00	0.00	0.00	0.00
pa	1000	1000	0.05	11	0	0.8	1.228	0.1497	0:00:00	2.79	7.10	0.45	0.62	0.00	0.00	0.00	0.00
pa	1000	1000	0.05	11	0	1.0	1.221	0.1441	0:00:00	2.83	7.10	0.45	0.62	0.00	0.00	0.00	0.00
pa	1000	1000	0.05	15	0	0.01	3.066	0.3226	0:00:00	2.81	7.10	0.45	0.62	0.00	0.00	0.00	0.00
pa	1000	1000	0.05	15	0	0.4	1.624	0.1783	0:00:00	2.88	7.10	0.45	0.62	0.00	0.00	0.00	0.00
pa	1000	1000	0.05	15	0	0.8	1.401	0.1657	0:00:00	2.78	7.10	0.45	0.62	0.00	0.00	0.00	0.00
pa	1000	1000	0.05	15	0	1.0	1.366	0.1540	0:00:00	2.75	7.10	0.45	0.62	0.00	0.00	0.00	0.00
pa	1000	1000	0.05	20	0	0.01	4.247	0.4631	0:00:00	2.95	7.10	0.45	0.62	0.00	0.00	0.00	0.00
pa	1000	1000	0.05	20	0	0.4	2.805	0.3240	0:00:00	2.94	7.10	0.45	0.62	0.00	0.00	0.00	0.00
pa	1000	1000	0.05	20	0	0.8	2.016	0.2209	0:00:00	2.82	7.10	0.45	0.62	0.00	0.00	0.00	0.00
pa	1000	1000	0.05	20	0	1.0	1.837	0.1963	0:00:00	2.88	7.10	0.45	0.62	0.00	0.00	0.00	0.00
pa	1000	1000	0.05	32	0	0.01	14.538	4.6023	0:00:04	10.36	21.53	4.40	4.83	0.00	0.00	78.79	4.13
pa	1000	1000	0.05	32	0	0.4	14.429	4.8553	0:00:04	10.48	21.53	4.43	4.86	0.00	0.00	84.64	4.64
pa	1000	1000	0.05	32	0	0.8	14.289	5.2906	0:00:05	10.61	21.85	4.67	5.12	0.00	0.00	87.16	5.12
pa	1000	1000	0.05	32	0	1.0	14.179	5.3468	0:00:05	10.30	21.53	4.39	4.85	0.00	0.00	86.04	5.11
pa	1000	1000	0.05	7	1	0.01	1.125	0.7218	0:00:00	9.42	20.44	3.31	3.74	0.00	0.00	0.00	0.50
pa	1000	1000	0.05	7	1	0.4	1.118	0.8271	0:00:00	9.41	20.32	3.29	3.72	0.00	0.00	0.00	0.51
pa	1000	1000	0.05	7	1	0.8	1.118	0.9343	0:00:00	9.54	20.29	3.32	3.75	0.00	0.00	0.00	0.50
pa	1000	1000	0.05	7	1	1.0	1.118	1.0097	0:00:01	9.21	20.44	3.28	3.70	0.00	0.00	0.00	0.51
pa	1000	1000	0.05	8	1	0.01	1.132	0.5805	0:00:00	9.38	20.26	3.30	3.75	0.00	0.00	0.00	0.51
pa	1000	1000	0.05	8	1	0.4	1.123	0.6772	0:00:00	9.56	20.22	3.25	3.69	0.00	0.00	0.00	0.50
pa	1000	1000	0.05	8	1	0.8	1.123	0.7383	0:00:00	9.23	20.22	3.23	3.65	0.00	0.00	0.00	0.51
pa	1000	1000	0.05	8	1	1.0	1.123	0.7425	0:00:00	9.34	20.31	3.28	3.70	0.00	0.00	0.00	0.51
pa	1000	1000	0.05	9	1	0.01	1.147	0.5149	0:00:00	2.81	7.10	0.45	0.62	0.00	0.00	0.00	0.00
pa	1000	1000	0.05	9	1	0.4	1.128	0.5693	0:00:00	9.33	20.30	3.21	3.63	0.00	0.00	0.00	0.53
pa	1000	1000	0.05	9	1	0.8	1.128	0.6000	0:00:00	9.26	20.23	3.21	3.63	0.00	0.00	0.00	0.51
pa	1000	1000	0.05	9	1	1.0	1.128	0.6070	0:00:00	9.46	20.23	3.21	3.64	0.00	0.00	0.00	0.50
pa	1000	1000	0.05	10	1	0.01	1.166	0.4854	0:00:00	2.85	7.10	0.45	0.62	0.00	0.00	0.00	0.00
pa	1000	1000	0.05	10	1	0.4	1.135	0.5409	0:00:00	9.39	20.23	3.22	3.66	0.00	0.00	0.00	0.53
pa	1000	1000	0.05	10	1	0.8	1.134	0.6226	0:00:00	9.40	20.29	3.21	3.64	0.00	0.00	0.00	0.50
pa	1000	1000	0.05	10	1	1.0	1.134	0.5931	0:00:00	9.14	20.23	3.20	3.63	0.00	0.00	0.00	0.52
pa	1000	1000	0.05	11	1	0.01	1.207	0.4617	0:00:00	2.74	7.10	0.45	0.61	0.00	0.00	0.00	0.00
pa	1000	1000	0.05	11	1	0.4	1.141	0.5427	0:00:00	9.29	20.27	3.17	3.62	0.00	0.00	0.00	0.50
pa	1000	1000	0.05	11	1	0.8	1.141	0.5212	0:00:00	2.95	7.10	0.45	0.62	0.00	0.00	0.00	0.00
pa	1000	1000	0.05	11	1	1.0	1.140	0.5086	0:00:00	2.86	7.10	0.45	0.62	0.00	0.00	0.00	0.00
pa	1000	1000	0.05	14	1	0.01	1.265	0.3969	0:00:00	2.79	7.10	0.45	0.62	0.00	0.00	0.00	0.00
pa	1000	1000	0.05	14	1	0.4	1.163	0.4483	0:00:00	2.77	7.10	0.45	0.64	0.00	0.00	0.00	0.00
pa	1000	1000	0.05	14	1	0.8	1.161	0.4577	0:00:00	2.82	7.10	0.45	0.62	0.00	0.00	0.00	0.00
pa	1000	1000	0.05	14	1	1.0	1.161	0.4511	0:00:00	2.85	7.10	0.45	0.62	0.00	0.00	0.00	0.00
pa	1000	1000	0.2	6	0	0.01	41.787	5.4124	0:00:05	10.52	21.24	4.26	4.72	0.00	0.00	84.81	5.10
pa	1000	1000	0.2	6	0	0.4	27.443	3.9779	0:00:03	10.08	21.11	4.12	4.55	0.00	0.00	77.11	3.58
pa	1000	1000	0.2	6	0	0.8	12.276	2.0097	0:00:02	9.88	20.86	3.86	4.29	0.00	0.00	51.25	1.53
pa	1000	1000	0.2	6	0	1.0	7.973	1.3556	0:00:01	9.84	20.84	3.74	4.18	0.00	0.00	37.64	1.01
pa	1000	1000	0.2	7	0	0.01		6.0063	0:00:06	10.39	21.40	4.41	4.85	0.00	0.00	85.42	5.63
pa	1000	1000	0.2	7	0	0.4	41.253	5.6671	0:00:05	10.53	21.41	4.35	4.78	0.00	0.00	81.52	5.13
pa	1000	1000	0.2	7	0	0.8	29.326	4.3180	0:00:04	10.16	21.29	4.21	4.65	0.00	0.00	82.70	4.08
pa	1000	1000	0.2	7	0	1.0	22.989	3.4986	0:00:03	10.11	21.13	4.13	4.56	0.00	0.00	72.89	3.06
pa	1000	1000	0.2	8	0	0.01		6.0045	0:00:06	10.71	21.64	4.55	5.00	0.00	0.00	85.10	5.62
pa	1000	1000	0.2	8	0	0.4		6.0061	0:00:06	10.53	21.53	4.50	4.92	0.00	0.00	85.10	5.62
pa	1000	1000	0.2	8	0	0.8		6.0060	0:00:06	10.42	21.55	4.46	4.90	0.00	0.00	84.90	5.61
pa	1000	1000	0.2	8	0	1.0	40.368	5.9507	0:00:05	10.43	21.39	4.39	4.81	0.00	0.00	85.88	5.61
pa	1000	1000	0.2	9	0	0.01		6.0061	0:00:06	10.61	21.65	4.68	5.09	0.00	0.00	85.06	5.62
pa	1000	1000	0.2	9	0	0.4		6.0043	0:00:06	10.80	21.66	4.68	5.18	0.00	0.00	85.10	5.63
pa	1000	1000	0.2	9	0	0.8		6.0051	0:00:06	10.66	21.69	4.68	5.11	0.00	0.00	85.16	5.62
pa	1000	1000	0.2	9	0	1.0		6.0060	0:00:06	10.75	21.64	4.63	5.06	0.00	0.00	85.09	5.61
pa	1000	1000	0.2	10	0	0.01		6.0045	0:00:06	11.01	21.79	4.78	5.22	0.00	0.00	84.94	5.61
pa	1000	1000	0.2	10	0	0.4		6.0060	0:00:06	10.98	21.79	4.78	5.23	0.00	0.00	85.06	5.61
pa	1000	1000	0.2	10	0	0.8		6.0046	0:00:06	11.08	21.78	4.79	5.23	0.00	0.00	85.12	5.61
pa	1000	1000	0.2	10	0	1.0		6.0061	0:00:06	11.05	21.78	4.76	5.19	0.00	0.00	85.42	5.63
pa	1000	1000	0.2	11	0	0.01		6.0045	0:00:06	10.99	21.93	4.85	5.28	0.00	0.00	85.11	5.61
pa	1000	1000	0.2	11	0	0.4		6.0047	0:00:06	10.73	21.89	4.86	5.27	0.00	0.00	85.64	5.66
pa	1000	1000	0.2	11	0	0.8		6.0042	0:00:06	11.00	21.91	4.86	5.29	0.00	0.00	84.94	5.61
pa	1000	1000	0.2	11	0	1.0		6.0043	0:00:06	10.80	21.81	4.84	5.26	0.00	0.00	85.44	5.65
pa	1000	1000	0.2	15	0	0.01		6.0047	0:00:06	10.93	21.92	4.82	5.26	0.00	0.00	84.93	5.62
pa	1000	1000	0.2	15	0	0.4		6.0060	0:00:06	10.92	21.90	4.80	5.23	0.00	0.00	85.47	5.64
pa	1000	1000	0.2	15	0	0.8		6.0044	0:00:06	10.88	21.76	4.82	5.26	0.00	0.00	85.11	5.62
pa	1000	1000	0.2	15	0	1.0		6.0061	0:00:06	10.92	21.74	4.82	5.25	0.00	0.00	85.26	5.63
pa	1000	1000	0.2	20	0	0.01		6.0042	0:00:06	10.48	21.75	4.66	5.09	0.00	0.00	86.04	5.69
pa	1000	1000	0.2	20	0	0.4		6.0042	0:00:06	10.95	21.75	4.68	5.13	0.00	0.00	85.12	5.61
pa	1000	1000	0.2	20	0	0.8		6.0061	0:00:06	10.89	21.76	4.68	5.11	0.00	0.00	85.75	5.66
pa	1000	1000	0.2	20	0	1.0		6.0060	0:00:06	10.52	21.77	4.68	5.14	0.00	0.00	85.08	5.61
pa	1000	1000	0.2	32	0	0.01		6.0060	0:00:06	11.88	22.60	5.62	6.11	0.00	0.00	85.08	5.61
pa	1000	1000	0.2	32	0	0.4		6.0045	0:00:06	11.61	22.59	5.52	5.95	0.00	0.00	85.11	5.61
pa	1000	1000	0.2	32	0	0.8		6.0063	0:00:06	11.74	22.59	5.54	5.97	0.00	0.00	85.08	5.61
pa	1000	1000	0.2	32	0	1.0		6.0063	0:00:06	11.75	22.58	5.57	6.00	0.00	0.00	85.22	5.63
pa	1000	1000	0.2	7	1	0.01	10.844	1.9376	0:00:01	10.07	20.76	3.76	4.19	0.00	0.00	53.11	1.53
pa	1000	1000	0.2	7	1	0.4	2.272	0.8581	0:00:00	9.37	20.38	3.34	3.78	0.00	0.00	0.00	0.51
pa	1000	1000	0.2	7	1	0.8	2.033	0.8851	0:00:00	9.32	20.49	3.40	3.82	0.00	0.00	0.00	0.50
pa	1000	1000	0.2	7	1	1.0	1.990	0.8944	0:00:00	9.32	20.41	3.32	3.75	0.00	0.00	0.00	0.51
pa	1000	1000	0.2	8	1	0.01	14.092	2.1975	0:00:02	9.94	20.76	3.77	4.20	0.00	0.00	70.05	2.05
pa	1000	1000	0.2	8	1	0.4	3.053	0.8262	0:00:00	9.41	20.39	3.37	3.78	0.00	0.00	0.00	0.50
pa	1000	1000	0.2	8	1	0.8	2.412	0.7596	0:00:00	9.44	20.36	3.28	3.71	0.00	0.00	0.00	0.50
pa	1000	1000	0.2	8	1	1.0	2.310	0.7403	0:00:00	9.38	20.24	3.25	3.69	0.00	0.00	0.00	0.51
pa	1000	1000	0.2	9	1	0.01	18.432	2.6962	0:00:02	10.05	20.93	3.88	4.30	0.00	0.00	75.83	2.56
pa	1000	1000	0.2	9	1	0.4	5.105	1.0703	0:00:01	9.46	20.62	3.62	4.07	0.00	0.00	47.68	1.02
pa	1000	1000	0.2	9	1	0.8	3.092	0.7799	0:00:00	9.36	20.38	3.33	3.75	0.00	0.00	0.00	0.51
pa	1000	1000	0.2	9	1	1.0	2.847	0.7460	0:00:00	9.25	20.36	3.29	3.70	0.00	0.00	0.00	0.51
pa	1000	1000	0.2	10	1	0.01	23.032	3.2038	0:00:03	9.71	21.05	3.96	4.39	0.00	0.00	79.95	3.07
pa	1000	1000	0.2	10	1	0.4	9.348	1.6386	0:00:01	9.91	20.74	3.73	4.16	0.00	0.00	62.87	1.53
pa	1000	1000	0.2	10	1	0.8	4.462	0.9799	0:00:00	9.81	20.55	3.46	3.88	0.00	0.00	0.00	0.51
pa	1000	1000	0.2	10	1	1.0	3.790	0.8595	0:00:00	9.33	20.38	3.34	3.78	0.00	0.00	0.00	0.50
pa	1000	1000	0.2	11	1	0.01	29.626	4.0220	0:00:04	10.23	21.18	4.12	4.54	0.00	0.00	76.41	3.59
pa	1000	1000	0.2	11	1	0.4	16.733	2.6177	0:00:02	9.92	21.04	3.96	4.42	0.00	0.00	78.35	2.56
pa	1000	1000	0.2	11	1	0.8	7.769	1.4179	0:00:01	9.87	20.79	3.73	4.16	0.00	0.00	35.98	1.02
pa	1000	1000	0.2	11	1	1.0	5.816	1.1202	0:00:01	9.73	20.63	3.54	3.97	0.00	0.00	45.49	1.02
pa	1000	1000	0.2	14	1	0.01	43.941	5.5845	0:00:05	10.38	21.47	4.36	4.78	0.00	0.00	82.20	5.10
pa	1000	1000	0.2	14	1	0.4	37.743	5.1877	0:00:05	10.42	21.41	4.36	4.78	0.00	0.00	88.67	5.10
pa	1000	1000	0.2	14	1	0.8	30.159	4.3006	0:00:04	10.49	21.31	4.23	4.67	0.00	0.00	83.43	4.11
pa	1000	1000	0.2	14	1	1.0	25.670	3.7498	0:00:03	10.11	21.16	4.19	4.63	0.00	0.00	81.88	3.57
pa	100	10000	0.01	6	0	0.01	1.023	0.2391	0:00:00	2.86	7.10	0.45	0.63	0.00	0.00	0.00	0.00
pa	100	10000	0.01	6	0	0.4	1.022	0.2918	0:00:00	2.92	7.10	0.45	0.62	0.00	0.00	0.00	0.00
pa	100	10000	0.01	6	0	0.8	1.022	0.3088	0:00:00	2.73	7.10	0.45	0.62	0.00	0.00	0.00	0.00
pa	100	10000	0.01	6	0	1.0	1.022	0.5976	0:00:00	10.48	21.35	4.21	4.66	0.00	0.00	0.00	0.51
pa	100	10000	0.01	7	0	0.01	1.024	0.1626	0:00:00	2.86	7.10	0.45	0.63	0.00	0.00	0.00	0.00
pa	100	10000	0.01	7	0	0.4	1.023	0.2068	0:00:00	2.86	7.10	0.45	0.62	0.00	0.00	0.00	0.00
pa	100	10000	0.01	7	0	0.8	1.023	0.2032	0:00:00	2.82	7.10	0.45	0.63	0.00	0.00	0.00	0.00
pa	100	10000	0.01	7	0	1.0	1.023	0.2334	0:00:00	2.87	7.10	0.46	0.64	0.00	0.00	0.00	0.00
pa	100	10000	0.01	8	0	0.01	1.025	0.1347	0:00:00	2.73	7.10	0.45	0.61	0.00	0.00	0.00	0.00
pa	100	10000	0.01	8	0	0.4	1.023	0.1574	0:00:00	2.86	7.10	0.45	0.63	0.00	0.00	0.00	0.00
pa	100	10000	0.01	8	0	0.8	1.023	0.1600	0:00:00	2.79	7.10	0.45	0.62	0.00	0.00	0.00	0.00
pa	100	10000	0.01	8	0	1.0	1.023	0.1497	0:00:00	2.88	7.10	0.45	0.62	0.00	0.00	0.00	0.00
pa	100	10000	0.01	9	0	0.01	1.026	0.1242	0:00:00	2.85	7.10	0.45	0.62	0.00	0.00	0.00	0.00
pa	100	10000	0.01	9	0	0.4	1.023	0.1383	0:00:00	2.80	7.10	0.45	0.61	0.00	0.00	0.00	0.00
pa	100	10000	0.01	9	0	0.8	1.023	0.1342	0:00:00	2.93	7.10	0.45	0.63	0.00	0.00	0.00	0.00
pa	100	10000	0.01	9	0	1.0	1.023	0.1347	0:00:00	2.89	7.10	0.45	0.62	0.00	0.00	0.00	0.00
pa	100	10000	0.01	10	0	0.01	1.027	0.1051	0:00:00	2.86	7.10	0.45	0.62	0.00	0.00	0.00	0.00
pa	100	10000	0.01	10	0	0.4	1.024	0.1258	0:00:00	2.89	7.10	0.45	0.63	0.00	0.00	0.00	0.00
pa	100	10000	0.01	10	0	0.8	1.024	0.1216	0:00:00	2.79	7.10	0.45	0.62	0.00	0.00	0.00	0.00
pa	100	10000	0.01	10	0	1.0	1.024	0.1130	0:00:00	2.80	7.10	0.46	0.63	0.00	0.00	0.00	0.00
pa	100	10000	0.01	11	0	0.01	1.031	0.0975	0:00:00	2.95	7.10	0.46	0.64	0.00	0.00	0.00	0.00
pa	100	10000	0.01	11	0	0.4	1.024	0.1172	0:00:00	2.74	7.10	0.45	0.61	0.00	0.00	0.00	0.00
pa	100	10000	0.01	11	0	0.8	1.024	0.1378	0:00:00	2.75	7.10	0.45	0.62	0.00	0.00	0.00	0.00
pa	100	10000	0.01	11	0	1.0	1.024	0.1139	0:00:00	2.86	7.10	0.45	0.63	0.00	0.00	0.00	0.00
pa	100	10000	0.01	15	0	0.01	1.046	0.0864	0:00:00	2.82	7.10	0.45	0.62	0.00	0.00	0.00	0.00
pa	100	10000	0.01	15	0	0.4	1.026	0.0980	0:00:00	2.88	7.10	0.45	0.62	0.00	0.00	0.00	0.00
pa	100	10000	0.01	15	0	0.8	1.026	0.0941	0:00:00	2.94	7.10	0.45	0.63	0.00	0.00	0.00	0.00
pa	100	10000	0.01	15	0	1.0	1.025	0.0999	0:00:00	2.89	7.10	0.45	0.62	0.00	0.00	0.00	0.00
pa	100	10000	0.01	20	0	0.01	1.092	0.0843	0:00:00	3.02	7.10	0.45	0.62	0.00	0.00	0.00	0.00
pa	100	10000	0.01	20	0	0.4	1.027	0.0889	0:00:00	2.79	7.10	0.45	0.62	0.00	0.00	0.00	0.00
pa	100	10000	0.01	20	0	0.8	1.027	0.0885	0:00:00	2.81	7.10	0.45	0.63	0.00	0.00	0.00	0.00
pa	100	10000	0.01	20	0	1.0	1.027	0.0878	0:00:00	2.81	7.10	0.45	0.63	0.00	0.00	0.00	0.00
pa	100	10000	0.01	32	0	0.01		6.0074	0:00:06	96.94	132.71	90.84	91.26	0.00	0.00	86.32	5.69
pa	100	10000	0.01	32	0	0.4		6.0106	0:00:06	98.06	133.91	92.05	92.49	0.00	0.00	85.21	5.64
pa	100	10000	0.01	32	0	0.8		6.0117	0:00:06	98.01	133.76	91.91	92.34	0.00	0.00	85.82	5.67
pa	100	10000	0.01	32	0	1.0		6.0099	0:00:06	98.71	134.64	92.74	93.18	0.00	0.00	85.53	5.64
pa	100	10000	0.01	7	1	0.01	1.022	2.0904	0:00:02	15.48	29.30	9.42	9.84	0.00	0.00	73.22	2.03
pa	100	10000	0.01	7	1	0.4	1.022	2.4439	0:00:02	14.93	28.78	8.94	9.38	0.00	0.00	63.20	2.08
pa	100	10000	0.01	7	1	0.8	1.022	3.8491	0:00:03	15.59	29.17	9.32	9.76	0.00	0.00	80.30	3.59
pa	100	10000	0.01	7	1	1.0		6.0047	0:00:06	15.82	29.46	9.61	10.03	0.00	0.00	85.34	5.63
pa	100	10000	0.01	8	1	0.01	1.022	0.9505	0:00:00	13.28	24.32	7.27	7.70	0.00	0.00	0.00	0.51
pa	100	10000	0.01	8	1	0.4	1.022	1.1550	0:00:01	13.24	24.32	7.25	7.67	0.00	0.00	44.50	1.05
pa	100	10000	0.01	8	1	0.8	1.022	1.3573	0:00:01	13.86	24.53	7.41	7.84	0.00	0.00	37.60	1.01
pa	100	10000	0.01	8	1	1.0	1.022	2.1557	0:00:02	13.64	24.55	7.44	7.86	0.00	0.00	71.40	2.04
pa	100	10000	0.01	9	1	0.01	1.022	0.7037	0:00:00	12.56	23.83	6.54	6.96	0.00	0.00	0.00	0.50
pa	100	10000	0.01	9	1	0.4	1.022	0.8174	0:00:00	12.80	24.04	6.67	7.12	0.00	0.00	0.00	0.51
pa	100	10000	0.01	9	1	0.8	1.022	0.9328	0:00:00	12.73	24.11	6.73	7.16	0.00	0.00	0.00	0.53
pa	100	10000	0.01	9	1	1.0	1.022	1.1245	0:00:01	12.70	24.09	6.71	7.20	0.00	0.00	45.99	1.03
pa	100	10000	0.01	10	1	0.01	1.022	0.5466	0:00:00	12.77	23.58	6.50	6.94	0.00	0.00	0.00	0.51
pa	100	10000	0.01	10	1	0.4	1.022	0.6478	0:00:00	12.70	23.73	6.65	7.08	0.00	0.00	0.00	0.54
pa	100	10000	0.01	10	1	0.8	1.022	0.6862	0:00:00	12.48	23.43	6.44	6.86	0.00	0.00	0.00	0.51
pa	100	10000	0.01	10	1	1.0	1.022	0.8533	0:00:00	12.41	23.43	6.36	6.77	0.00	0.00	0.00	0.52
pa	100	10000	0.01	11	1	0.01	1.022	0.5207	0:00:00	2.77	7.10	0.45	0.61	0.00	0.00	0.00	0.00
pa	100	10000	0.01	11	1	0.4	1.022	0.6083	0:00:00	12.58	23.69	6.57	7.00	0.00	0.00	0.00	0.50
pa	100	10000	0.01	11	1	0.8	1.022	0.6797	0:00:00	12.67	23.69	6.60	7.02	0.00	0.00	0.00	0.51
pa	100	10000	0.01	11	1	1.0	1.022	0.7165	0:00:00	12.65	23.69	6.61	7.05	0.00	0.00	0.00	0.50
pa	100	10000	0.01	14	1	0.01	1.023	0.4413	0:00:00	2.82	7.10	0.45	0.62	0.00	0.00	0.00	0.00
pa	100	10000	0.01	14	1	0.4	1.023	0.4810	0:00:00	2.90	7.10	0.45	0.63	0.00	0.00	0.00	0.00
pa	100	10000	0.01	14	1	0.8	1.023	0.5137	0:00:00	2.79	7.10	0.45	0.62	0.00	0.00	0.00	0.00
pa	100	10000	0.01	14	1	1.0	1.023	0.5821	0:00:00	12.20	23.40	6.31	6.73	0.00	0.00	0.00	0.51
pa	100	10000	0.05	6	0	0.01	9.709	1.9564	0:00:01	15.16	25.97	8.89	9.33	0.00	0.00	52.14	1.53
pa	100	10000	0.05	6	0	0.4	1.149	0.3208	0:00:00	2.81	7.10	0.45	0.62	0.00	0.00	0.00	0.00
pa	100	10000	0.05	6	0	0.8	1.145	0.3248	0:00:00	2.73	7.10	0.45	0.61	0.00	0.00	0.00	0.00
pa	100	10000	0.05	6	0	1.0	1.144	0.5611	0:00:00	10.76	21.82	4.62	5.05	0.00	0.00	0.00	0.52
pa	100	10000	0.05	7	0	0.01	14.740	2.4291	0:00:02	16.29	27.46	10.11	10.55	0.00	0.00	63.42	2.04
pa	100	10000	0.05	7	0	0.4	1.168	0.2136	0:00:00	2.87	7.10	0.45	0.63	0.00	0.00	0.00	0.00
pa	100	10000	0.05	7	0	0.8	1.159	0.2184	0:00:00	2.72	7.10	0.45	0.62	0.00	0.00	0.00	0.00
pa	100	10000	0.05	7	0	1.0	1.158	0.2308	0:00:00	2.86	7.10	0.45	0.62	0.00	0.00	0.00	0.00
pa	100	10000	0.05	8	0	0.01	20.799	3.2517	0:00:03	16.48	27.87	10.66	11.08	0.00	0.00	79.19	3.07
pa	100	10000	0.05	8	0	0.4	1.191	0.1781	0:00:00	2.80	7.10	0.45	0.61	0.00	0.00	0.00	0.00
pa	100	10000	0.05	8	0	0.8	1.177	0.1815	0:00:00	2.73	7.10	0.45	0.61	0.00	0.00	0.00	0.00
pa	100	10000	0.05	8	0	1.0	1.174	0.1728	0:00:00	2.86	7.10	0.45	0.62	0.00	0.00	0.00	0.00
pa	100	10000	0.05	9	0	0.01	25.866	4.0932	0:00:04	17.91	29.37	12.09	12.50	0.00	0.00	74.73	3.58
pa	100	10000	0.05	9	0	0.4	1.225	0.1684	0:00:00	2.95	7.10	0.45	0.63	0.00	0.00	0.00	0.00
pa	100	10000	0.05	9	0	0.8	1.197	0.1693	0:00:00	2.82	7.10	0.45	0.62	0.00	0.00	0.00	0.00
pa	100	10000	0.05	9	0	1.0	1.192	0.1664	0:00:00	3.01	7.10	0.45	0.62	0.00	0.00	0.00	0.00
pa	100	10000	0.05	10	0	0.01	31.247	5.0049	0:00:05	19.16	30.19	12.94	13.36	0.00	0.00	82.79	4.65
pa	100	10000	0.05	10	0	0.4	1.264	0.1747	0:00:00	2.80	7.10	0.45	0.61	0.00	0.00	0.00	0.00
pa	100	10000	0.05	10	0	0.8	1.222	0.1555	0:00:00	2.90	7.10	0.45	0.64	0.00	0.00	0.00	0.00
pa	100	10000	0.05	10	0	1.0	1.215	0.1567	0:00:00	2.78	7.10	0.45	0.61	0.00	0.00	0.00	0.00
pa	100	10000	0.05	11	0	0.01		6.0053	0:00:06	19.98	31.30	14.07	14.50	0.00	0.00	85.25	5.62
pa	100	10000	0.05	11	0	0.4	1.331	0.1685	0:00:00	2.82	7.10	0.45	0.62	0.00	0.00	0.00	0.00
pa	100	10000	0.05	11	0	0.8	1.255	0.1665	0:00:00	2.88	7.10	0.45	0.62	0.00	0.00	0.00	0.00
pa	100	10000	0.05	11	0	1.0	1.244	0.1610	0:00:00	2.95	7.10	0.45	0.62	0.00	0.00	0.00	0.00
pa	100	10000	0.05	15	0	0.01		6.0053	0:00:06	23.02	34.16	16.93	17.35	0.00	0.00	85.67	5.64
pa	100	10000	0.05	15	0	0.4	2.856	0.5090	0:00:00	2.75	7.10	0.45	0.61	0.00	0.00	0.00	0.00
pa	100	10000	0.05	15	0	0.8	1.536	0.2064	0:00:00	2.81	7.10	0.45	0.62	0.00	0.00	0.00	0.00
pa	100	10000	0.05	15	0	1.0	1.456	0.2229	0:00:00	2.81	7.10	0.45	0.62	0.00	0.00	0.00	0.00
pa	100	10000	0.05	20	0	0.01		6.0058	0:00:06	27.08	38.36	21.23	21.67	0.00	0.00	85.59	5.65
pa	100	10000	0.05	20	0	0.4		6.0057	0:00:06	21.45	32.61	15.44	15.87	0.00	0.00	86.74	5.71
pa	100	10000	0.05	20	0	0.8	5.033	0.8413	0:00:00	13.89	25.09	7.91	8.34	0.00	0.00	0.00	0.50
pa	100	10000	0.05	20	0	1.0	2.877	0.4541	0:00:00	2.89	7.10	0.45	0.62	0.00	0.00	0.00	0.00
pa	100	10000	0.05	32	0	0.01		6.0136	0:00:06	120.65	156.86	114.59	115.03	0.00	0.00	86.37	5.71
pa	100	10000	0.05	32	0	0.4		6.0128	0:00:06	120.08	156.12	113.93	114.34	0.00	0.00	85.56	5.65
pa	100	10000	0.05	32	0	0.8		6.0125	0:00:06	118.91	155.34	112.96	113.39	0.00	0.00	86.49	5.72
pa	100	10000	0.05	32	0	1.0		6.0116	0:00:06	118.90	155.41	113.04	113.47	0.00	0.00	85.85	5.66
pa	100	10000	0.05	7	1	0.01	1.137	2.0292	0:00:02	15.25	29.29	9.35	9.77	0.00	0.00	52.44	1.59
pa	100	10000	0.05	7	1	0.4	1.122	2.5863	0:00:02	15.38	29.05	9.12	9.54	0.00	0.00	59.65	2.06
pa	100	10000	0.05	7	1	0.8	1.122	3.7437	0:00:03	15.86	29.50	9.65	10.07	0.00	0.00	81.95	3.59
pa	100	10000	0.05	7	1	1.0	1.122	5.9166	0:00:05	15.80	29.53	9.62	10.05	0.00	0.00	86.56	5.63
pa	100	10000	0.05	8	1	0.01	1.162	0.9233	0:00:00	13.57	24.47	7.28	7.71	0.00	0.00	0.00	0.50
pa	100	10000	0.05	8	1	0.4	1.128	1.1117	0:00:01	13.38	24.58	7.39	7.82	0.00	0.00	45.83	1.03
pa	100	10000	0.05	8	1	0.8	1.128	1.2391	0:00:01	13.45	24.60	7.41	7.84	0.00	0.00	42.01	1.04
pa	100	10000	0.05	8	1	1.0	1.128	1.6304	0:00:01	13.47	24.60	7.42	7.86	0.00	0.00	62.60	1.52
pa	100	10000	0.05	9	1	0.01	1.198	0.6490	0:00:00	13.12	23.88	6.79	7.22	0.00	0.00	0.00	0.51
pa	100	10000	0.05	9	1	0.4	1.133	0.7955	0:00:00	13.10	24.02	6.93	7.38	0.00	0.00	0.00	0.50
pa	100	10000	0.05	9	1	0.8	1.133	0.8461	0:00:00	12.84	24.03	6.93	7.35	0.00	0.00	0.00	0.51
pa	100	10000	0.05	9	1	1.0	1.133	0.8640	0:00:00	13.09	24.04	6.95	7.39	0.00	0.00	0.00	0.52
pa	100	10000	0.05	10	1	0.01	1.293	0.5585	0:00:00	12.56	23.69	6.52	6.97	0.00	0.00	0.00	0.51
pa	100	10000	0.05	10	1	0.4	1.140	0.6323	0:00:00	13.21	24.26	7.17	7.58	0.00	0.00	0.00	0.50
pa	100	10000	0.05	10	1	0.8	1.139	0.6399	0:00:00	12.88	23.88	6.70	7.13	0.00	0.00	0.00	0.51
pa	100	10000	0.05	10	1	1.0	1.139	0.6633	0:00:00	12.63	23.85	6.68	7.10	0.00	0.00	0.00	0.51
pa	100	10000	0.05	11	1	0.01	1.475	0.5461	0:00:00	13.00	23.82	6.62	7.06	0.00	0.00	0.00	0.50
pa	100	10000	0.05	11	1	0.4	1.147	0.5694	0:00:00	12.88	24.03	6.82	7.24	0.00	0.00	0.00	0.51
pa	100	10000	0.05	11	1	0.8	1.146	0.6004	0:00:00	12.59	23.66	6.46	6.88	0.00	0.00	0.00	0.51
pa	100	10000	0.05	11	1	1.0	1.146	0.5924	0:00:00	12.65	23.66	6.46	6.88	0.00	0.00	0.00	0.51
pa	100	10000	0.05	14	1	0.01	2.996	0.7463	0:00:00	12.98	24.12	7.00	7.43	0.00	0.00	0.00	0.51
pa	100	10000	0.05	14	1	0.4	1.173	0.4377	0:00:00	2.89	7.10	0.45	0.62	0.00	0.00	0.00	0.00
pa	100	10000	0.05	14	1	0.8	1.170	0.5155	0:00:00	2.88	7.10	0.45	0.62	0.00	0.00	0.00	0.00
pa	100	10000	0.05	14	1	1.0	1.169	0.4964	0:00:00	2.82	7.10	0.46	0.63	0.00	0.00	0.00	0.00
pa	100	10000	0.2	6	0	0.01		6.0076	0:00:06	60.43	71.84	54.19	54.63	0.00	0.00	85.35	5.65
pa	100	10000	0.2	6	0	0.4		6.0089	0:00:06	47.97	58.88	41.61	42.02	0.00	0.00	85.21	5.62
pa	100	10000	0.2	6	0	0.8		6.0071	0:00:06	28.73	40.06	22.62	23.06	0.00	0.00	85.23	5.62
pa	100	10000	0.2	6	0	1.0	16.458	3.8395	0:00:03	16.25	27.30	10.18	10.62	0.00	0.00	81.14	3.65
pa	100	10000	0.2	7	0	0.01		6.0083	0:00:06	78.25	89.59	71.91	72.36	0.00	0.00	85.71	5.66
pa	100	10000	0.2	7	0	0.4		6.0080	0:00:06	68.18	79.48	62.33	62.74	0.00	0.00	85.61	5.65
pa	100	10000	0.2	7	0	0.8		6.0074	0:00:06	48.68	60.66	42.55	42.98	0.00	0.00	85.38	5.64
pa	100	10000	0.2	7	0	1.0		6.0083	0:00:06	40.45	52.48	34.42	34.84	0.00	0.00	85.51	5.65
pa	100	10000	0.2	8	0	0.01		6.0111	0:00:06	89.40	100.32	83.16	83.59	0.00	0.00	85.71	5.67
pa	100	10000	0.2	8	0	0.4		6.0109	0:00:06	80.25	91.89	74.25	74.70	0.00	0.00	85.47	5.65
pa	100	10000	0.2	8	0	0.8		6.0080	0:00:06	73.16	85.45	67.30	67.72	0.00	0.00	85.23	5.62
pa	100	10000	0.2	8	0	1.0		6.0076	0:00:06	67.64	79.32	61.55	62.03	0.00	0.00	85.39	5.63
pa	100	10000	0.2	9	0	0.01		6.0089	0:00:06	88.25	100.07	82.34	82.77	0.00	0.00	85.49	5.64
pa	100	10000	0.2	9	0	0.4		6.0105	0:00:06	94.71	105.71	88.62	89.05	0.00	0.00	85.18	5.63
pa	100	10000	0.2	9	0	0.8		6.0113	0:00:06	86.86	99.40	80.82	81.26	0.00	0.00	85.66	5.65
pa	100	10000	0.2	9	0	1.0		6.0111	0:00:06	83.70	95.43	77.34	77.77	0.00	0.00	85.51	5.64
pa	100	10000	0.2	10	0	0.01		6.0098	0:00:06	103.98	115.41	98.16	98.57	0.00	0.00	85.36	5.64
pa	100	10000	0.2	10	0	0.4		6.0119	0:00:06	94.72	105.86	88.71	89.16	0.00	0.00	85.33	5.64
pa	100	10000	0.2	10	0	0.8		6.0102	0:00:06	91.48	103.26	85.00	85.42	0.00	0.00	85.24	5.63
pa	100	10000	0.2	10	0	1.0		6.0113	0:00:06	97.35	108.22	91.25	91.66	0.00	0.00	86.26	5.72
pa	100	10000	0.2	11	0	0.01		6.0121	0:00:06	108.79	119.79	102.74	103.17	0.00	0.00	86.54	5.71
pa	100	10000	0.2	11	0	0.4		6.0125	0:00:06	112.15	123.54	106.30	106.72	0.00	0.00	85.71	5.66
pa	100	10000	0.2	11	0	0.8		6.0107	0:00:06	109.46	120.25	103.28	103.70	0.00	0.00	85.52	5.65
pa	100	10000	0.2	11	0	1.0		6.0107	0:00:06	104.45	115.29	98.33	98.77	0.00	0.00	85.49	5.66
pa	100	10000	0.2	15	0	0.01		6.0131	0:00:06	110.53	121.38	105.66	106.23	0.00	0.00	85.05	5.61
pa	100	10000	0.2	15	0	0.4		6.0133	0:00:06	113.21	124.96	107.11	107.54	0.00	0.00	86.15	5.68
pa	100	10000	0.2	15	0	0.8		6.0113	0:00:06	110.82	122.97	104.59	105.03	0.00	0.00	85.52	5.64
pa	100	10000	0.2	15	0	1.0		6.0107	0:00:06	108.47	119.25	102.29	102.73	0.00	0.00	85.72	5.66
pa	100	10000	0.2	20	0	0.01		6.0127	0:00:06	114.11	125.87	108.07	108.50	0.00	0.00	85.63	5.65
pa	100	10000	0.2	20	0	0.4		6.0130	0:00:06	115.51	127.55	109.55	109.98	0.00	0.00	85.82	5.66
pa	100	10000	0.2	20	0	0.8		6.0131	0:00:06	106.59	117.56	100.59	101.00	0.00	0.00	85.47	5.65
pa	100	10000	0.2	20	0	1.0		6.0145	0:00:06	110.39	122.18	104.41	104.86	0.00	0.00	85.63	5.65
pa	100	10000	0.2	32	0	0.01		6.0163	0:00:06	187.47	224.26	181.40	181.82	0.00	0.00	85.26	5.63
pa	100	10000	0.2	32	0	0.4		6.0198	0:00:06	186.38	223.30	180.38	180.80	0.00	0.00	85.29	5.68
pa	100	10000	0.2	32	0	0.8		6.0162	0:00:06	185.49	221.34	179.34	179.79	0.00	0.00	85.59	5.65
pa	100	10000	0.2	32	0	1.0		6.0155	0:00:06	195.02	232.14	189.05	189.49	0.00	0.00	85.45	5.64
pa	100	10000	0.2	7	1	0.01		6.0081	0:00:06	31.87	42.82	25.79	26.21	0.00	0.00	85.06	5.62
pa	100	10000	0.2	7	1	0.4	2.342	2.6762	0:00:02	16.16	27.14	10.05	10.46	0.00	0.00	76.21	2.55
pa	100	10000	0.2	7	1	0.8	2.059	3.9264	0:00:03	16.49	27.19	10.10	10.61	0.00	0.00	77.95	3.57
pa	100	10000	0.2	7	1	1.0	2.009	5.6225	0:00:05	16.23	27.00	9.91	10.32	0.00	0.00	82.90	5.16
pa	100	10000	0.2	8	1	0.01		6.0077	0:00:06	32.33	43.78	26.43	26.84	0.00	0.00	85.31	5.64
pa	100	10000	0.2	8	1	0.4	3.533	1.5107	0:00:01	14.75	26.01	8.67	9.10	0.00	0.00	36.13	1.09
pa	100	10000	0.2	8	1	0.8	2.507	1.3508	0:00:01	14.30	25.49	8.20	8.62	0.00	0.00	37.73	1.02
pa	100	10000	0.2	8	1	1.0	2.382	1.4811	0:00:01	14.23	25.62	8.27	8.68	0.00	0.00	33.80	1.02
pa	100	10000	0.2	9	1	0.01		6.0062	0:00:06	37.66	49.07	31.52	31.94	0.00	0.00	85.31	5.64
pa	100	10000	0.2	9	1	0.4	10.092	2.7111	0:00:02	16.38	27.42	10.28	10.69	0.00	0.00	75.61	2.55
pa	100	10000	0.2	9	1	0.8	3.342	1.0893	0:00:01	14.25	25.16	8.08	8.68	0.00	0.00	46.83	1.02
pa	100	10000	0.2	9	1	1.0	3.000	1.0376	0:00:01	14.34	25.30	8.20	8.62	0.00	0.00	49.16	1.01
pa	100	10000	0.2	10	1	0.01		6.0086	0:00:06	43.75	55.18	37.78	38.20	0.00	0.00	85.38	5.63
pa	100	10000	0.2	10	1	0.4		6.0071	0:00:06	26.24	37.08	19.95	20.38	0.00	0.00	85.07	5.61
pa	100	10000	0.2	10	1	0.8	5.452	1.4826	0:00:01	13.67	24.74	7.66	8.09	0.00	0.00	34.46	1.02
pa	100	10000	0.2	10	1	1.0	4.243	1.1592	0:00:01	14.04	25.07	7.99	8.42	0.00	0.00	43.98	1.02
pa	100	10000	0.2	11	1	0.01		6.0087	0:00:06	48.20	59.51	42.12	42.55	0.00	0.00	85.52	5.65
pa	100	10000	0.2	11	1	0.4		6.0079	0:00:06	37.26	48.10	31.01	31.43	0.00	0.00	85.38	5.63
pa	100	10000	0.2	11	1	0.8	14.234	3.4288	0:00:03	16.54	27.63	10.50	11.52	0.00	0.00	74.47	3.06
pa	100	10000	0.2	11	1	1.0	7.262	1.8479	0:00:01	15.06	26.12	9.04	9.46	0.00	0.00	55.23	1.52
pa	100	10000	0.2	14	1	0.01		6.0097	0:00:06	61.55	72.58	55.42	55.84	0.00	0.00	85.37	5.63
pa	100	10000	0.2	14	1	0.4		6.0078	0:00:06	62.36	73.69	56.20	56.65	0.00	0.00	85.21	5.62
pa	100	10000	0.2	14	1	0.8		6.0061	0:00:06	50.80	62.41	44.79	45.20	0.00	0.00	85.91	5.69
pa	100	10000	0.2	14	1	1.0		6.0063	0:00:06	41.89	53.57	35.68	36.13	0.00	0.00	85.17	5.63
pa	10	100000	0.01	6	0	0.01	1.023	1.3486	0:00:01	43.73	55.81	37.73	38.15	0.00	0.00	40.89	1.08
pa	10	100000	0.01	6	0	0.4	1.023	2.2273	0:00:02	42.59	58.15	36.58	37.00	0.00	0.00	69.15	2.05
pa	10	100000	0.01	6	0	0.8	1.023	3.7753	0:00:03	47.23	59.85	40.90	41.35	0.00	0.00	82.84	3.69
pa	10	100000	0.01	6	0	1.0		6.0081	0:00:06	35.14	48.36	29.03	29.47	0.00	0.00	86.06	5.67
pa	10	100000	0.01	7	0	0.01	1.024	0.4188	0:00:00	2.85	7.10	0.45	0.62	0.00	0.00	0.00	0.00
pa	10	100000	0.01	7	0	0.4	1.023	0.8087	0:00:00	23.88	35.43	17.66	18.09	0.00	0.00	0.00	0.50
pa	10	100000	0.01	7	0	0.8	1.023	0.7879	0:00:00	24.89	36.68	18.91	19.33	0.00	0.00	0.00	0.52
pa	10	100000	0.01	7	0	1.0	1.023	4.0494	0:00:04	24.11	35.23	17.93	18.35	0.00	0.00	76.08	3.59
pa	10	100000	0.01	8	0	0.01	1.026	0.2145	0:00:00	2.83	7.10	0.46	0.63	0.00	0.00	0.00	0.00
pa	10	100000	0.01	8	0	0.4	1.023	0.5082	0:00:00	2.88	7.10	0.45	0.62	0.00	0.00	0.00	0.00
pa	10	100000	0.01	8	0	0.8	1.023	0.4141	0:00:00	2.82	7.10	0.45	0.62	0.00	0.00	0.00	0.00
pa	10	100000	0.01	8	0	1.0	1.023	0.4821	0:00:00	2.82	7.10	0.45	0.62	0.00	0.00	0.00	0.00
pa	10	100000	0.01	9	0	0.01	1.027	0.1736	0:00:00	2.73	7.10	0.45	0.61	0.00	0.00	0.00	0.00
pa	10	100000	0.01	9	0	0.4	1.024	0.3857	0:00:00	2.85	7.10	0.45	0.62	0.00	0.00	0.00	0.00
pa	10	100000	0.01	9	0	0.8	1.024	0.3478	0:00:00	2.74	7.10	0.45	0.62	0.00	0.00	0.00	0.00
pa	10	100000	0.01	9	0	1.0	1.024	0.2142	0:00:00	2.77	7.10	0.45	0.63	0.00	0.00	0.00	0.00
pa	10	100000	0.01	10	0	0.01	1.029	0.1457	0:00:00	2.95	7.10	0.45	0.63	0.00	0.00	0.00	0.00
pa	10	100000	0.01	10	0	0.4	1.024	0.3251	0:00:00	2.88	7.10	0.45	0.62	0.00	0.00	0.00	0.00
pa	10	100000	0.01	10	0	0.8	1.024	0.2453	0:00:00	2.80	7.10	0.45	0.63	0.00	0.00	0.00	0.00
pa	10	100000	0.01	10	0	1.0	1.024	0.2108	0:00:00	2.75	7.10	0.45	0.61	0.00	0.00	0.00	0.00
pa	10	100000	0.01	11	0	0.01	1.035	0.1387	0:00:00	2.75	7.10	0.45	0.62	0.00	0.00	0.00	0.00
pa	10	100000	0.01	11	0	0.4	1.024	0.2765	0:00:00	2.77	7.10	0.45	0.63	0.00	0.00	0.00	0.00
pa	10	100000	0.01	11	0	0.8	1.024	0.2235	0:00:00	2.87	7.10	0.45	0.62	0.00	0.00	0.00	0.00
pa	10	100000	0.01	11	0	1.0	1.024	0.1499	0:00:00	2.87	7.10	0.46	0.64	0.00	0.00	0.00	0.00
pa	10	100000	0.01	15	0	0.01	1.102	0.1299	0:00:00	2.73	7.10	0.45	0.62	0.00	0.00	0.00	0.00
pa	10	100000	0.01	15	0	0.4	1.026	0.1754	0:00:00	2.75	7.10	0.45	0.62	0.00	0.00	0.00	0.00
pa	10	100000	0.01	15	0	0.8	1.026	0.1540	0:00:00	2.82	7.10	0.45	0.63	0.00	0.00	0.00	0.00
pa	10	100000	0.01	15	0	1.0	1.026	0.1199	0:00:00	2.90	7.10	0.45	0.63	0.00	0.00	0.00	0.00
pa	10	100000	0.01	20	0	0.01	2.644	0.5976	0:00:00	17.85	28.68	11.54	11.96	0.00	0.00	0.00	0.50
pa	10	100000	0.01	20	0	0.4	1.028	0.1375	0:00:00	2.82	7.10	0.45	0.62	0.00	0.00	0.00	0.00
pa	10	100000	0.01	20	0	0.8	1.028	0.1291	0:00:00	2.79	7.10	0.45	0.62	0.00	0.00	0.00	0.00
pa	10	100000	0.01	20	0	1.0	1.028	0.1046	0:00:00	2.95	7.10	0.45	0.62	0.00	0.00	0.00	0.00
pa	10	100000	0.01	32	0	0.01		6.3779	0:00:06	7159.18	12315.14	7153.08	7153.51	0.00	0.00	79.59	5.58
pa	10	100000	0.01	32	0	0.4		6.3511	0:00:06	7159.31	12315.14	7153.12	7153.55	0.00	0.00	79.33	5.54
pa	10	100000	0.01	32	0	0.8		6.3775	0:00:06	7159.17	12315.14	7153.08	7153.55	0.00	0.00	81.00	5.68
pa	10	100000	0.01	32	0	1.0		6.3379	0:00:06	7159.21	12315.14	7153.07	7153.50	0.00	0.00	79.98	5.57
pa	10	100000	0.01	7	1	0.01		6.0224	0:00:06	285.48	354.69	279.36	279.80	0.00	0.00	86.17	5.70
pa	10	100000	0.01	7	1	0.4		6.0196	0:00:06	276.21	345.72	270.33	270.75	0.00	0.00	85.83	5.69
pa	10	100000	0.01	7	1	0.8		6.0261	0:00:06	274.25	343.57	268.23	268.66	0.00	0.00	85.96	5.69
pa	10	100000	0.01	7	1	1.0		6.0237	0:00:06	270.71	339.82	264.54	264.96	0.00	0.00	86.99	5.74
pa	10	100000	0.01	8	1	0.01	1.022	5.5962	0:00:05	105.50	128.32	99.46	99.91	0.00	0.00	85.73	5.32
pa	10	100000	0.01	8	1	0.4		6.0115	0:00:06	107.00	129.72	100.84	101.28	0.00	0.00	85.62	5.65
pa	10	100000	0.01	8	1	0.8		6.0133	0:00:06	113.28	136.02	107.12	107.55	0.00	0.00	85.66	5.65
pa	10	100000	0.01	8	1	1.0		6.0150	0:00:06	116.61	139.41	110.41	110.88	0.00	0.00	85.75	5.66
pa	10	100000	0.01	9	1	0.01	1.022	2.0312	0:00:02	58.64	69.80	52.44	52.88	0.00	0.00	50.68	1.53
pa	10	100000	0.01	9	1	0.4	1.022	3.5772	0:00:03	58.98	70.29	52.92	53.39	0.00	0.00	72.05	3.08
pa	10	100000	0.01	9	1	0.8	1.022	3.7822	0:00:03	59.01	70.46	53.11	53.53	0.00	0.00	82.62	3.64
pa	10	100000	0.01	9	1	1.0	1.022	5.7352	0:00:05	59.48	70.98	53.61	54.03	0.00	0.00	80.67	5.18
pa	10	100000	0.01	10	1	0.01	1.023	1.1773	0:00:01	43.93	55.62	37.87	38.30	0.00	0.00	43.41	1.01
pa	10	100000	0.01	10	1	0.4	1.023	2.1716	0:00:02	41.16	55.62	35.04	35.47	0.00	0.00	72.69	2.11
pa	10	100000	0.01	10	1	0.8	1.023	2.2313	0:00:02	41.22	55.62	35.04	35.47	0.00	0.00	69.05	2.06
pa	10	100000	0.01	10	1	1.0	1.023	2.2643	0:00:02	48.33	59.97	42.38	42.82	0.00	0.00	68.03	2.08
pa	10	100000	0.01	11	1	0.01	1.023	0.9382	0:00:00	39.33	55.57	33.34	33.77	0.00	0.00	0.00	0.50
pa	10	100000	0.01	11	1	0.4	1.023	1.7023	0:00:01	39.45	55.57	33.35	33.77	0.00	0.00	59.89	1.53
pa	10	100000	0.01	11	1	0.8	1.023	1.6607	0:00:01	41.22	55.46	34.99	35.42	0.00	0.00	62.04	1.53
pa	10	100000	0.01	11	1	1.0	1.023	1.5624	0:00:01	40.95	55.57	34.72	35.14	0.00	0.00	65.90	1.53
pa	10	100000	0.01	14	1	0.01	1.023	0.7397	0:00:00	41.59	52.51	35.42	35.86	0.00	0.00	0.00	0.50
pa	10	100000	0.01	14	1	0.4	1.023	1.2304	0:00:01	39.74	50.85	33.75	34.19	0.00	0.00	42.01	1.02
pa	10	100000	0.01	14	1	0.8	1.023	1.1267	0:00:01	36.78	47.84	30.75	31.17	0.00	0.00	45.12	1.01
pa	10	100000	0.01	14	1	1.0	1.023	0.9991	0:00:00	37.45	48.54	31.47	31.90	0.00	0.00	0.00	0.50
pa	10	100000	0.05	6	0	0.01		6.0184	0:00:06	202.33	220.93	196.12	196.55	0.00	0.00	85.76	5.67
pa	10	100000	0.05	6	0	0.4	1.150	2.1379	0:00:02	46.98	59.64	40.68	41.14	0.00	0.00	73.47	2.07
pa	10	100000	0.05	6	0	0.8	1.146	4.1871	0:00:04	48.56	68.05	42.62	43.05	0.00	0.00	85.97	4.11
pa	10	100000	0.05	6	0	1.0		6.0081	0:00:06	40.31	54.34	34.27	34.71	0.00	0.00	85.20	5.64
pa	10	100000	0.05	7	0	0.01		6.0196	0:00:06	206.45	224.56	200.50	200.92	0.00	0.00	86.21	5.69
pa	10	100000	0.05	7	0	0.4	1.167	0.7831	0:00:00	31.78	42.90	25.81	26.23	0.00	0.00	0.00	0.51
pa	10	100000	0.05	7	0	0.8	1.159	0.8748	0:00:00	29.06	41.00	23.20	23.62	0.00	0.00	0.00	0.51
pa	10	100000	0.05	7	0	1.0	1.158	2.6325	0:00:02	29.37	41.18	23.43	23.89	0.00	0.00	78.19	2.56
pa	10	100000	0.05	8	0	0.01		6.0204	0:00:06	210.03	228.93	204.00	204.43	0.00	0.00	85.98	5.71
pa	10	100000	0.05	8	0	0.4	1.190	0.4932	0:00:00	2.89	7.10	0.45	0.62	0.00	0.00	0.00	0.00
pa	10	100000	0.05	8	0	0.8	1.176	0.4711	0:00:00	2.86	7.10	0.45	0.61	0.00	0.00	0.00	0.00
pa	10	100000	0.05	8	0	1.0	1.173	0.4781	0:00:00	2.79	7.10	0.45	0.62	0.00	0.00	0.00	0.00
pa	10	100000	0.05	9	0	0.01		6.0275	0:00:06	231.41	251.62	225.62	226.03	0.00	0.00	86.05	5.69
pa	10	100000	0.05	9	0	0.4	1.222	0.4095	0:00:00	2.81	7.10	0.45	0.61	0.00	0.00	0.00	0.00
pa	10	100000	0.05	9	0	0.8	1.196	0.3302	0:00:00	2.82	7.10	0.45	0.63	0.00	0.00	0.00	0.00
pa	10	100000	0.05	9	0	1.0	1.192	0.2770	0:00:00	2.82	7.10	0.45	0.62	0.00	0.00	0.00	0.00
pa	10	100000	0.05	10	0	0.01		6.0253	0:00:06	239.50	259.16	233.73	234.17	0.00	0.00	86.13	5.69
pa	10	100000	0.05	10	0	0.4	1.260	0.3372	0:00:00	2.88	7.10	0.45	0.62	0.00	0.00	0.00	0.00
pa	10	100000	0.05	10	0	0.8	1.219	0.2984	0:00:00	2.79	7.10	0.45	0.62	0.00	0.00	0.00	0.00
pa	10	100000	0.05	10	0	1.0	1.213	0.2507	0:00:00	2.82	7.10	0.45	0.62	0.00	0.00	0.00	0.00
pa	10	100000	0.05	11	0	0.01		6.0272	0:00:06	233.70	246.80	227.85	228.28	0.00	0.00	87.09	5.76
pa	10	100000	0.05	11	0	0.4	1.325	0.3171	0:00:00	2.79	7.10	0.45	0.62	0.00	0.00	0.00	0.00
pa	10	100000	0.05	11	0	0.8	1.248	0.3072	0:00:00	2.71	7.10	0.45	0.61	0.00	0.00	0.00	0.00
pa	10	100000	0.05	11	0	1.0	1.239	0.2674	0:00:00	2.88	7.10	0.45	0.62	0.00	0.00	0.00	0.00
pa	10	100000	0.05	15	0	0.01		6.0339	0:00:06	236.17	249.84	230.23	230.65	0.00	0.00	85.85	5.69
pa	10	100000	0.05	15	0	0.4	4.080	1.5763	0:00:01	35.68	47.59	29.76	30.20	0.00	0.00	34.53	1.13
pa	10	100000	0.05	15	0	0.8	1.527	0.3292	0:00:00	2.74	7.10	0.45	0.62	0.00	0.00	0.00	0.00
pa	10	100000	0.05	15	0	1.0	1.445	0.2840	0:00:00	2.86	7.10	0.45	0.63	0.00	0.00	0.00	0.00
pa	10	100000	0.05	20	0	0.01		6.0254	0:00:06	238.63	251.75	232.53	232.98	0.00	0.00	85.84	5.70
pa	10	100000	0.05	20	0	0.4		6.0205	0:00:06	232.86	251.81	226.73	227.18	0.00	0.00	85.70	5.67
pa	10	100000	0.05	20	0	0.8	9.077	3.4050	0:00:03	47.93	64.63	41.75	42.17	0.00	0.00	77.16	3.14
pa	10	100000	0.05	20	0	1.0	3.430	0.9669	0:00:00	32.32	43.63	26.27	26.71	0.00	0.00	0.00	0.52
pa	10	100000	0.05	32	0	0.01		6.3978	0:00:06	7168.52	12315.14	7162.52	7162.93	0.00	0.00	79.57	5.59
pa	10	100000	0.05	32	0	0.4		6.3822	0:00:06	7168.63	12315.14	7162.52	7162.93	0.00	0.00	79.59	5.60
pa	10	100000	0.05	32	0	0.8		6.3723	0:00:06	7168.47	12315.14	7162.55	7163.01	0.00	0.00	79.23	5.55
pa	10	100000	0.05	32	0	1.0		6.4306	0:00:06	7168.65	12315.14	7162.52	7162.94	0.00	0.00	80.08	5.66
pa	10	100000	0.05	7	1	0.01		6.0241	0:00:06	287.81	357.52	281.66	282.09	0.00	0.00	87.32	5.78
pa	10	100000	0.05	7	1	0.4		6.0304	0:00:06	281.61	351.77	275.50	275.92	0.00	0.00	86.23	5.70
pa	10	100000	0.05	7	1	0.8		6.0305	0:00:06	282.18	383.67	285.85	286.28	0.00	0.00	87.58	5.80
pa	10	100000	0.05	7	1	1.0		6.0292	0:00:06	281.74	351.44	275.75	276.17	0.00	0.00	87.85	5.81
pa	10	100000	0.05	8	1	0.01		6.0157	0:00:06	107.29	134.81	101.26	101.70	0.00	0.00	86.19	5.70
pa	10	100000	0.05	8	1	0.4		6.0145	0:00:06	115.12	138.66	109.06	109.51	0.00	0.00	87.41	5.77
pa	10	100000	0.05	8	1	0.8		6.0125	0:00:06	116.02	139.43	109.79	110.24	0.00	0.00	86.13	5.69
pa	10	100000	0.05	8	1	1.0		6.0160	0:00:06	120.10	143.73	114.08	114.51	0.00	0.00	85.64	5.66
pa	10	100000	0.05	9	1	0.01	1.237	2.1285	0:00:02	58.91	77.05	52.96	53.40	0.00	0.00	72.44	2.05
pa	10	100000	0.05	9	1	0.4	1.134	3.0785	0:00:03	64.11	82.00	57.85	58.27	0.00	0.00	66.91	2.56
pa	10	100000	0.05	9	1	0.8	1.134	3.4508	0:00:03	64.34	76.26	58.12	58.59	0.00	0.00	74.80	3.09
pa	10	100000	0.05	9	1	1.0	1.134	4.0650	0:00:04	64.29	82.34	58.20	58.63	0.00	0.00	76.05	3.59
pa	10	100000	0.05	10	1	0.01	1.416	1.3181	0:00:01	47.58	63.13	41.67	42.09	0.00	0.00	39.62	1.03
pa	10	100000	0.05	10	1	0.4	1.140	1.8593	0:00:01	49.57	61.98	43.50	43.94	0.00	0.00	55.46	1.53
pa	10	100000	0.05	10	1	0.8	1.139	1.8532	0:00:01	50.02	63.98	44.05	44.53	0.00	0.00	55.97	1.54
pa	10	100000	0.05	10	1	1.0	1.139	1.7859	0:00:01	51.36	65.01	45.41	45.83	0.00	0.00	58.10	1.55
pa	10	100000	0.05	11	1	0.01	2.169	1.3756	0:00:01	42.71	55.21	36.69	37.13	0.00	0.00	36.91	1.02
pa	10	100000	0.05	11	1	0.4	1.146	1.4714	0:00:01	43.77	54.94	37.78	38.20	0.00	0.00	34.63	1.02
pa	10	100000	0.05	11	1	0.8	1.145	1.4649	0:00:01	45.62	56.50	39.34	39.75	0.00	0.00	35.40	1.03
pa	10	100000	0.05	11	1	1.0	1.145	1.4015	0:00:01	46.60	57.69	40.64	41.06	0.00	0.00	36.90	1.02
pa	10	100000	0.05	14	1	0.01		6.0149	0:00:06	103.13	117.59	97.06	97.49	0.00	0.00	88.10	5.81
pa	10	100000	0.05	14	1	0.4	1.173	1.0908	0:00:01	46.66	58.60	40.45	40.90	0.00	0.00	0.00	0.55
pa	10	100000	0.05	14	1	0.8	1.169	1.1111	0:00:01	43.88	56.09	37.98	38.42	0.00	0.00	46.62	1.02
pa	10	100000	0.05	14	1	1.0	1.168	1.1255	0:00:01	39.96	51.86	33.77	34.20	0.00	0.00	46.20	1.02
pa	10	100000	0.2	6	0	0.01		6.0239	0:00:06	296.16	315.68	290.18	290.62	0.00	0.00	85.63	5.66
pa	10	100000	0.2	6	0	0.4		6.0193	0:00:06	255.08	272.65	249.05	249.48	0.00	0.00	85.70	5.66
pa	10	100000	0.2	6	0	0.8		6.0157	0:00:06	209.62	225.61	203.60	204.02	0.00	0.00	85.75	5.66
pa	10	100000	0.2	6	0	1.0		6.0134	0:00:06	91.16	105.61	85.09	85.52	0.00	0.00	85.78	5.67
pa	10	100000	0.2	7	0	0.01		6.0271	0:00:06	300.50	317.77	294.39	294.88	0.00	0.00	88.14	5.82
pa	10	100000	0.2	7	0	0.4		6.0215	0:00:06	277.86	298.54	271.73	272.15	0.00	0.00	87.62	5.80
pa	10	100000	0.2	7	0	0.8		6.0252	0:00:06	268.90	286.71	263.34	263.80	0.00	0.00	86.59	5.72
pa	10	100000	0.2	7	0	1.0		6.0260	0:00:06	306.66	319.86	300.43	300.90	0.00	0.00	85.92	5.69
pa	10	100000	0.2	8	0	0.01		6.0261	0:00:06	316.65	332.19	310.66	311.10	0.00	0.00	86.23	5.72
pa	10	100000	0.2	8	0	0.4		6.0252	0:00:06	310.09	329.12	304.23	304.64	0.00	0.00	86.27	5.71
pa	10	100000	0.2	8	0	0.8		6.0245	0:00:06	311.15	331.44	305.45	305.87	0.00	0.00	85.90	5.69
pa	10	100000	0.2	8	0	1.0		6.0298	0:00:06	365.09	383.71	359.18	359.61	0.00	0.00	86.10	5.71
pa	10	100000	0.2	9	0	0.01		6.0288	0:00:06	336.63	351.02	331.04	331.49	0.00	0.00	86.16	5.72
pa	10	100000	0.2	9	0	0.4		6.0284	0:00:06	322.86	338.23	316.78	317.19	0.00	0.00	85.85	5.71
pa	10	100000	0.2	9	0	0.8		6.0266	0:00:06	329.07	345.81	323.48	323.89	0.00	0.00	86.09	5.70
pa	10	100000	0.2	9	0	1.0		6.0474	0:00:06	373.99	392.07	368.23	368.65	0.00	0.00	85.30	5.70
pa	10	100000	0.2	10	0	0.01		6.0338	0:00:06	360.91	374.43	354.89	355.38	0.00	0.00	85.46	5.66
pa	10	100000	0.2	10	0	0.4		6.0272	0:00:06	350.91	364.68	345.00	345.42	0.00	0.00	85.42	5.66
pa	10	100000	0.2	10	0	0.8		6.0341	0:00:06	354.00	370.16	347.78	348.21	0.00	0.00	86.19	5.71
pa	10	100000	0.2	10	0	1.0		6.0355	0:00:06	393.59	410.39	387.83	388.25	0.00	0.00	85.53	5.68
pa	10	100000	0.2	11	0	0.01		6.0313	0:00:06	368.88	382.15	363.03	363.46	0.00	0.00	85.36	5.65
pa	10	100000	0.2	11	0	0.4		6.0287	0:00:06	356.00	369.38	350.05	350.47	0.00	0.00	86.53	5.73
pa	10	100000	0.2	11	0	0.8		6.0302	0:00:06	355.79	369.10	349.69	350.13	0.00	0.00	86.22	5.70
pa	10	100000	0.2	11	0	1.0		6.0301	0:00:06	374.14	387.09	368.20	368.64	0.00	0.00	85.92	5.68
pa	10	100000	0.2	15	0	0.01		6.0341	0:00:06	397.20	421.84	391.66	392.07	0.00	0.00	86.65	5.73
pa	10	100000	0.2	15	0	0.4		6.0325	0:00:06	388.09	412.57	382.06	382.48	0.00	0.00	86.02	5.70
pa	10	100000	0.2	15	0	0.8		6.0302	0:00:06	373.38	398.33	367.64	368.07	0.00	0.00	86.45	5.73
pa	10	100000	0.2	15	0	1.0		6.0329	0:00:06	377.66	402.29	372.13	372.55	0.00	0.00	86.86	5.75
pa	10	100000	0.2	20	0	0.01		6.0370	0:00:06	405.22	428.38	399.47	399.92	0.00	0.00	85.82	5.73
pa	10	100000	0.2	20	0	0.4		6.0380	0:00:06	392.52	415.90	386.71	387.13	0.00	0.00	86.07	5.75
pa	10	100000	0.2	20	0	0.8		6.0360	0:00:06	377.85	401.53	372.08	372.51	0.00	0.00	87.16	5.78
pa	10	100000	0.2	20	0	1.0		6.0277	0:00:06	379.68	403.31	373.89	374.33	0.00	0.00	85.52	5.69
pa	10	100000	0.2	32	0	0.01		6.3734	0:00:06	7164.11	12315.14	7157.95	7158.39	0.00	0.00	78.67	5.53
pa	10	100000	0.2	32	0	0.4		6.3719	0:00:06	7163.97	12315.14	7157.95	7158.35	0.00	0.00	79.03	5.56
pa	10	100000	0.2	32	0	0.8		6.4736	0:00:06	7164.02	12315.14	7157.95	7158.36	0.00	0.00	79.83	5.70
pa	10	100000	0.2	32	0	1.0		6.4233	0:00:06	7164.05	12315.14	7157.95	7158.37	0.00	0.00	80.42	5.67
pa	10	100000	0.2	7	1	0.01		6.0328	0:00:06	406.41	482.34	400.52	401.07	0.00	0.00	85.85	5.68
pa	10	100000	0.2	7	1	0.4		6.0314	0:00:06	283.80	355.97	277.70	278.14	0.00	0.00	86.18	5.70
pa	10	100000	0.2	7	1	0.8		6.0288	0:00:06	277.22	349.41	271.21	271.65	0.00	0.00	86.36	5.71
pa	10	100000	0.2	7	1	1.0		6.0246	0:00:06	273.78	346.02	267.80	268.22	0.00	0.00	86.14	5.70
pa	10	100000	0.2	8	1	0.01		6.0259	0:00:06	293.99	324.47	287.95	288.37	0.00	0.00	85.84	5.67
pa	10	100000	0.2	8	1	0.4		6.0148	0:00:06	126.53	151.55	120.29	120.72	0.00	0.00	85.93	5.67
pa	10	100000	0.2	8	1	0.8		6.0128	0:00:06	126.36	151.41	120.15	120.58	0.00	0.00	85.56	5.66
pa	10	100000	0.2	8	1	1.0		6.0135	0:00:06	106.37	131.61	100.24	100.67	0.00	0.00	85.62	5.66
pa	10	100000	0.2	9	1	0.01		6.0241	0:00:06	270.21	289.43	264.24	264.66	0.00	0.00	85.78	5.67
pa	10	100000	0.2	9	1	0.4		6.0135	0:00:06	93.75	113.43	87.58	88.00	0.00	0.00	85.93	5.70
pa	10	100000	0.2	9	1	0.8	3.397	3.6385	0:00:03	75.34	95.05	69.20	69.64	0.00	0.00	84.70	3.59
pa	10	100000	0.2	9	1	1.0	3.032	4.4016	0:00:04	74.65	94.52	68.66	69.12	0.00	0.00	81.78	4.11
pa	10	100000	0.2	10	1	0.01		6.0299	0:00:06	286.80	304.62	280.86	281.28	0.00	0.00	85.41	5.69
pa	10	100000	0.2	10	1	0.4		6.0182	0:00:06	210.56	226.51	204.32	204.76	0.00	0.00	85.92	5.67
pa	10	100000	0.2	10	1	0.8	5.788	2.9546	0:00:02	66.42	77.62	60.54	60.96	0.00	0.00	69.71	2.59
pa	10	100000	0.2	10	1	1.0	4.296	2.3085	0:00:02	62.61	73.73	56.64	57.05	0.00	0.00	67.07	2.07
pa	10	100000	0.2	11	1	0.01		6.0259	0:00:06	292.41	313.43	286.53	286.97	0.00	0.00	85.59	5.67
pa	10	100000	0.2	11	1	0.4		6.0230	0:00:06	247.27	262.47	241.21	241.65	0.00	0.00	85.51	5.66
pa	10	100000	0.2	11	1	0.8		6.0102	0:00:06	81.87	93.07	75.98	76.41	0.00	0.00	85.86	5.66
pa	10	100000	0.2	11	1	1.0	7.669	3.1642	0:00:03	70.08	80.86	63.76	64.20	0.00	0.00	81.54	3.08
pa	10	100000	0.2	14	1	0.01		6.0274	0:00:06	319.54	340.43	313.71	314.12	0.00	0.00	85.43	5.65
pa	10	100000	0.2	14	1	0.4		6.0259	0:00:06	307.09	327.79	301.19	301.61	0.00	0.00	88.48	5.85
pa	10	100000	0.2	14	1	0.8		6.0232	0:00:06	288.67	305.90	282.60	283.03	0.00	0.00	85.52	5.66
pa	10	100000	0.2	14	1	1.0		6.0266	0:00:06	300.37	313.65	294.14	294.58	0.00	0.00	85.79	5.67
pa	1	1000000	0.01	6	0	0.01		6.0726	0:00:06	963.88	1641.17	958.28	958.71	0.00	0.00	88.04	5.86
pa	1	1000000	0.01	6	0	0.4		6.0699	0:00:06	964.17	1641.17	958.29	958.76	0.00	0.00	86.25	5.75
pa	1	1000000	0.01	6	0	0.8		6.0641	0:00:06	964.09	1641.17	958.25	958.70	0.00	0.00	86.08	5.73
pa	1	1000000	0.01	6	0	1.0		6.0760	0:00:06	964.12	1641.17	958.26	958.70	0.00	0.00	87.35	5.81
pa	1	1000000	0.01	7	0	0.01	1.025	3.9071	0:00:03	377.09	587.29	371.06	371.49	0.00	0.00	79.46	3.63
pa	1	1000000	0.01	7	0	0.4		6.0335	0:00:06	400.68	601.28	394.56	395.04	0.00	0.00	86.14	5.70
pa	1	1000000	0.01	7	0	0.8		6.0468	0:00:06	395.32	595.82	389.33	389.76	0.00	0.00	85.95	5.70
pa	1	1000000	0.01	7	0	1.0		6.0419	0:00:06	372.29	571.36	366.14	366.58	0.00	0.00	87.13	5.78
pa	1	1000000	0.01	8	0	0.01	1.026	1.4577	0:00:01	139.30	153.18	133.32	133.74	0.00	0.00	36.29	1.04
pa	1	1000000	0.01	8	0	0.4		6.0181	0:00:06	180.33	194.89	174.12	174.56	0.00	0.00	86.87	5.76
pa	1	1000000	0.01	8	0	0.8	1.023	4.9653	0:00:04	181.95	197.32	175.90	176.34	0.00	0.00	83.74	4.67
pa	1	1000000	0.01	8	0	1.0		6.0152	0:00:06	143.05	157.52	136.78	137.23	0.00	0.00	87.79	5.78
pa	1	1000000	0.01	9	0	0.01	1.027	0.7866	0:00:00	109.54	135.09	103.82	104.26	0.00	0.00	0.00	0.54
pa	1	1000000	0.01	9	0	0.4	1.024	4.2613	0:00:04	140.93	169.18	134.86	135.29	0.00	0.00	86.39	4.20
pa	1	1000000	0.01	9	0	0.8	1.024	2.5174	0:00:02	123.71	150.49	117.78	118.23	0.00	0.00	61.73	2.09
pa	1	1000000	0.01	9	0	1.0	1.024	3.4396	0:00:03	128.24	154.43	122.25	122.69	0.00	0.00	75.31	3.09
pa	1	1000000	0.01	10	0	0.01	1.030	0.5223	0:00:00	2.82	7.10	0.45	0.62	0.00	0.00	0.00	0.00
pa	1	1000000	0.01	10	0	0.4	1.024	2.8059	0:00:02	112.09	128.32	105.96	106.42	0.00	0.00	73.48	2.58
pa	1	1000000	0.01	10	0	0.8	1.024	1.7772	0:00:01	110.99	128.30	105.07	105.51	0.00	0.00	58.49	1.54
pa	1	1000000	0.01	10	0	1.0	1.024	0.5303	0:00:00	2.73	7.10	0.45	0.62	0.00	0.00	0.00	0.00
pa	1	1000000	0.01	11	0	0.01	1.043	0.5061	0:00:00	2.88	7.10	0.45	0.62	0.00	0.00	0.00	0.00
pa	1	1000000	0.01	11	0	0.4	1.024	2.5049	0:00:02	104.45	120.25	98.42	98.85	0.00	0.00	61.94	2.07
pa	1	1000000	0.01	11	0	0.8	1.024	1.8403	0:00:01	106.79	122.11	100.93	101.38	0.00	0.00	55.69	1.54
pa	1	1000000	0.01	11	0	1.0	1.024	0.3584	0:00:00	2.77	7.10	0.45	0.62	0.00	0.00	0.00	0.00
pa	1	1000000	0.01	15	0	0.01	1.248	0.6039	0:00:00	153.04	168.27	147.46	147.91	0.00	0.00	0.00	0.55
pa	1	1000000	0.01	15	0	0.4	1.026	1.2719	0:00:01	99.07	111.68	93.09	93.51	0.00	0.00	40.50	1.03
pa	1	1000000	0.01	15	0	0.8	1.026	0.8725	0:00:00	89.26	102.22	83.20	83.64	0.00	0.00	0.00	0.53
pa	1	1000000	0.01	15	0	1.0	1.026	0.2274	0:00:00	2.89	7.10	0.45	0.63	0.00	0.00	0.00	0.00
pa	1	1000000	0.01	20	0	0.01		6.0313	0:00:06	345.05	361.74	338.93	339.39	0.00	0.00	86.78	5.74
pa	1	1000000	0.01	20	0	0.4	1.028	0.7155	0:00:00	91.18	105.09	85.14	85.57	0.00	0.00	0.00	0.51
pa	1	1000000	0.01	20	0	0.8	1.028	0.5038	0:00:00	2.86	7.10	0.46	0.64	0.00	0.00	0.00	0.00
pa	1	1000000	0.01	20	0	1.0	1.028	0.2255	0:00:00	2.82	7.10	0.45	0.62	0.00	0.00	0.00	0.00
pa	1	1000000	0.01	32	0	0.01		6.6579	0:00:06	11528.97	12392.13	11754.36	11754.80	0.00	0.00	78.76	5.77
pa	1	1000000	0.01	32	0	0.4		6.7212	0:00:06	11223.23	12392.13	11551.94	11552.38	0.00	0.00	77.70	5.73
pa	1	1000000	0.01	32	0	0.8		6.0061	0:00:06	9992.04	12392.13	10279.61	10280.05	0.00	0.00	79.05	5.25
pa	1	1000000	0.01	32	0	1.0		6.7799	0:00:06	10202.48	12392.13	10513.96	10514.39	0.00	0.00	70.20	5.29
pa	1	1000000	0.01	7	1	0.01		6.4411	0:00:06	6064.67	6348.09	6204.36	6204.78	0.00	0.00	79.79	5.65
pa	1	1000000	0.01	7	1	0.4		6.5783	0:00:06	6106.93	6348.09	6244.74	6245.17	0.00	0.00	78.09	5.65
pa	1	1000000	0.01	7	1	0.8		6.6205	0:00:06	5802.78	6348.09	5912.46	5912.91	0.00	0.00	77.21	5.62
pa	1	1000000	0.01	7	1	1.0		6.4755	0:00:06	5450.47	6348.09	5594.29	5594.71	0.00	0.00	79.79	5.70
pa	1	1000000	0.01	8	1	0.01		6.3130	0:00:06	3460.51	6346.48	3454.16	3454.60	0.00	0.00	79.76	5.54
pa	1	1000000	0.01	8	1	0.4		6.3377	0:00:06	3460.34	6346.48	3454.14	3454.54	0.00	0.00	78.25	5.47
pa	1	1000000	0.01	8	1	0.8		6.3208	0:00:06	3460.32	6346.48	3454.13	3454.55	0.00	0.00	79.01	5.51
pa	1	1000000	0.01	8	1	1.0		6.2744	0:00:06	3460.33	6346.48	3454.14	3454.56	0.00	0.00	81.43	5.63
pa	1	1000000	0.01	9	1	0.01		6.1088	0:00:06	1026.69	1733.01	1020.78	1021.22	0.00	0.00	88.28	5.89
pa	1	1000000	0.01	9	1	0.4		6.1149	0:00:06	1026.83	1733.01	1020.78	1021.26	0.00	0.00	87.70	5.88
pa	1	1000000	0.01	9	1	0.8		6.1200	0:00:06	1026.77	1733.01	1020.76	1021.25	0.00	0.00	87.21	5.89
pa	1	1000000	0.01	9	1	1.0		6.1290	0:00:06	1026.69	1733.01	1020.77	1021.17	0.00	0.00	87.50	5.89
pa	1	1000000	0.01	10	1	0.01		6.0483	0:00:06	476.42	640.75	470.17	470.61	0.00	0.00	86.36	5.74
pa	1	1000000	0.01	10	1	0.4		6.0420	0:00:06	436.39	599.96	430.53	430.98	0.00	0.00	86.20	5.71
pa	1	1000000	0.01	10	1	0.8		6.0424	0:00:06	429.88	593.12	423.70	424.15	0.00	0.00	86.90	5.76
pa	1	1000000	0.01	10	1	1.0		6.0406	0:00:06	426.50	590.33	420.65	421.07	0.00	0.00	87.71	5.83
pa	1	1000000	0.01	11	1	0.01	1.023	3.1913	0:00:03	257.46	282.14	251.61	252.06	0.00	0.00	81.55	3.12
pa	1	1000000	0.01	11	1	0.4		6.0224	0:00:06	257.51	282.14	251.62	252.04	0.00	0.00	87.29	5.77
pa	1	1000000	0.01	11	1	0.8		6.0229	0:00:06	257.60	282.14	251.61	252.03	0.00	0.00	87.41	5.77
pa	1	1000000	0.01	11	1	1.0		6.0277	0:00:06	257.70	282.14	251.61	252.05	0.00	0.00	86.53	5.72
pa	1	1000000	0.01	14	1	0.01	1.023	1.6609	0:00:01	172.55	193.21	166.66	167.07	0.00	0.00	63.82	1.58
pa	1	1000000	0.01	14	1	0.4		6.0171	0:00:06	172.64	186.77	166.66	167.05	0.00	0.00	86.76	5.73
pa	1	1000000	0.01	14	1	0.8		6.0219	0:00:06	176.17	189.01	170.12	170.55	0.00	0.00	86.81	5.73
pa	1	1000000	0.01	14	1	1.0	1.023	5.5834	0:00:05	177.56	192.01	171.31	171.75	0.00	0.00	83.73	5.18
pa	1	1000000	0.05	6	0	0.01		6.0592	0:00:06	963.61	1641.17	957.73	958.18	0.00	0.00	86.69	5.76
pa	1	1000000	0.05	6	0	0.4		6.0566	0:00:06	963.61	1641.17	957.72	958.17	0.00	0.00	86.54	5.74
pa	1	1000000	0.05	6	0	0.8		6.0644	0:00:06	963.87	1641.17	957.72	958.21	0.00	0.00	86.92	5.78
pa	1	1000000	0.05	6	0	1.0		6.0639	0:00:06	963.60	1641.17	957.72	958.17	0.00	0.00	87.88	5.83
pa	1	1000000	0.05	7	0	0.01		6.0394	0:00:06	458.14	659.53	452.16	452.62	0.00	0.00	85.69	5.68
pa	1	1000000	0.05	7	0	0.4		6.0480	0:00:06	440.42	635.84	434.27	434.72	0.00	0.00	86.09	5.72
pa	1	1000000	0.05	7	0	0.8		6.0348	0:00:06	417.40	612.62	411.39	411.83	0.00	0.00	86.71	5.74
pa	1	1000000	0.05	7	0	1.0		6.0321	0:00:06	380.51	575.85	374.32	374.78	0.00	0.00	85.87	5.68
pa	1	1000000	0.05	8	0	0.01		6.0274	0:00:06	291.59	317.61	285.66	286.08	0.00	0.00	86.14	5.70
pa	1	1000000	0.05	8	0	0.4	1.191	3.6499	0:00:03	236.88	253.78	230.68	231.12	0.00	0.00	71.14	3.11
pa	1	1000000	0.05	8	0	0.8	1.177	3.5165	0:00:03	238.69	256.53	232.49	232.96	0.00	0.00	73.30	3.08
pa	1	1000000	0.05	8	0	1.0		6.0183	0:00:06	200.43	218.38	194.42	194.85	0.00	0.00	85.57	5.65
pa	1	1000000	0.05	9	0	0.01		6.0300	0:00:06	258.18	286.63	253.05	253.49	0.00	0.00	86.00	5.69
pa	1	1000000	0.05	9	0	0.4	1.225	2.2676	0:00:02	192.29	208.52	186.36	186.80	0.00	0.00	67.83	2.05
pa	1	1000000	0.05	9	0	0.8	1.198	1.9270	0:00:01	175.45	192.92	169.55	169.98	0.00	0.00	53.58	1.54
pa	1	1000000	0.05	9	0	1.0	1.193	1.2385	0:00:01	183.84	200.82	177.83	178.27	0.00	0.00	42.11	1.03
pa	1	1000000	0.05	10	0	0.01		6.0216	0:00:06	258.82	289.78	252.86	253.34	0.00	0.00	86.05	5.69
pa	1	1000000	0.05	10	0	0.4	1.273	1.7321	0:00:01	180.41	195.41	174.37	174.81	0.00	0.00	60.06	1.54
pa	1	1000000	0.05	10	0	0.8	1.224	1.2252	0:00:01	170.76	186.82	164.58	165.02	0.00	0.00	41.06	1.01
pa	1	1000000	0.05	10	0	1.0	1.217	0.6218	0:00:00	170.59	186.40	164.41	164.90	0.00	0.00	0.00	0.51
pa	1	1000000	0.05	11	0	0.01		6.0249	0:00:06	255.46	279.50	249.54	249.97	0.00	0.00	86.30	5.70
pa	1	1000000	0.05	11	0	0.4	1.349	1.3835	0:00:01	172.80	187.08	166.65	167.09	0.00	0.00	38.45	1.07
pa	1	1000000	0.05	11	0	0.8	1.258	1.0081	0:00:01	136.14	149.84	130.04	130.51	0.00	0.00	0.00	0.51
pa	1	1000000	0.05	11	0	1.0	1.247	0.4954	0:00:00	2.81	7.10	0.45	0.61	0.00	0.00	0.00	0.00
pa	1	1000000	0.05	15	0	0.01		6.0282	0:00:06	277.70	297.74	271.87	272.29	0.00	0.00	86.06	5.69
pa	1	1000000	0.05	15	0	0.4	4.838	3.4805	0:00:03	296.75	318.56	290.88	291.31	0.00	0.00	73.77	3.08
pa	1	1000000	0.05	15	0	0.8	1.548	0.7609	0:00:00	161.10	175.47	154.79	155.25	0.00	0.00	0.00	0.50
pa	1	1000000	0.05	15	0	1.0	1.465	0.5016	0:00:00	2.82	7.10	0.45	0.63	0.00	0.00	0.00	0.00
pa	1	1000000	0.05	20	0	0.01		6.0302	0:00:06	294.64	312.11	288.68	289.13	0.00	0.00	86.69	5.76
pa	1	1000000	0.05	20	0	0.4		6.0202	0:00:06	231.82	259.11	225.93	226.35	0.00	0.00	86.69	5.73
pa	1	1000000	0.05	20	0	0.8		6.0364	0:00:06	386.14	408.05	380.30	380.76	0.00	0.00	86.11	5.70
pa	1	1000000	0.05	20	0	1.0	3.388	1.3037	0:00:01	257.97	276.64	251.86	252.30	0.00	0.00	39.13	1.01
pa	1	1000000	0.05	32	0	0.01		6.0048	0:00:06	9769.23	12392.13	9993.18	9993.63	0.00	0.00	79.31	5.27
pa	1	1000000	0.05	32	0	0.4		6.6937	0:00:06	9661.57	12392.13	9928.70	9929.12	0.00	0.00	72.08	5.33
pa	1	1000000	0.05	32	0	0.8		6.7557	0:00:06	10815.36	12392.13	11169.92	11170.36	0.00	0.00	70.85	5.29
pa	1	1000000	0.05	32	0	1.0		6.7665	0:00:06	11149.88	12392.13	11374.22	11374.64	0.00	0.00	76.23	5.66
pa	1	1000000	0.05	7	1	0.01		6.5588	0:00:06	5895.84	6348.12	5986.66	5987.07	0.00	0.00	77.12	5.56
pa	1	1000000	0.05	7	1	0.4		6.4220	0:00:06	5438.20	6348.11	5540.64	5541.07	0.00	0.00	78.12	5.54
pa	1	1000000	0.05	7	1	0.8		6.4080	0:00:06	6471.38	12492.13	6595.25	6595.66	0.00	0.00	79.65	5.60
pa	1	1000000	0.05	7	1	1.0		6.3678	0:00:06	6308.80	6348.11	6330.28	6330.71	0.00	0.00	78.72	5.53
pa	1	1000000	0.05	8	1	0.01		6.2215	0:00:06	3452.69	6346.50	3446.58	3447.00	0.00	0.00	86.80	5.90
pa	1	1000000	0.05	8	1	0.4		6.2042	0:00:06	3452.50	6346.50	3446.58	3447.03	0.00	0.00	87.03	5.90
pa	1	1000000	0.05	8	1	0.8		6.0063	0:00:06	3452.57	6346.50	3446.57	3446.99	0.00	0.00	80.77	5.35
pa	1	1000000	0.05	8	1	1.0		6.0062	0:00:06	3452.60	6346.50	3446.56	3447.01	0.00	0.00	80.70	5.36
pa	1	1000000	0.05	9	1	0.01		6.0973	0:00:06	1018.57	1733.02	1012.43	1012.88	0.00	0.00	88.43	5.90
pa	1	1000000	0.05	9	1	0.4		6.0929	0:00:06	1018.51	1733.02	1012.43	1012.88	0.00	0.00	87.15	5.82
pa	1	1000000	0.05	9	1	0.8		6.0722	0:00:06	1018.51	1733.02	1012.43	1012.87	0.00	0.00	86.64	5.77
pa	1	1000000	0.05	9	1	1.0		6.0675	0:00:06	1018.44	1733.02	1012.42	1012.90	0.00	0.00	86.89	5.78
pa	1	1000000	0.05	10	1	0.01		6.0427	0:00:06	495.65	673.14	489.87	490.30	0.00	0.00	86.07	5.70
pa	1	1000000	0.05	10	1	0.4		6.0333	0:00:06	446.58	621.73	440.47	440.93	0.00	0.00	85.72	5.68
pa	1	1000000	0.05	10	1	0.8		6.0492	0:00:06	460.89	635.60	454.65	455.10	0.00	0.00	86.63	5.75
pa	1	1000000	0.05	10	1	1.0		6.0368	0:00:06	433.56	608.50	427.58	428.00	0.00	0.00	85.97	5.71
pa	1	1000000	0.05	11	1	0.01		6.0350	0:00:06	352.88	396.77	346.72	347.15	0.00	0.00	86.24	5.71
pa	1	1000000	0.05	11	1	0.4		6.0266	0:00:06	270.17	311.05	264.16	264.60	0.00	0.00	85.91	5.69
pa	1	1000000	0.05	11	1	0.8		6.0237	0:00:06	265.24	307.41	259.43	259.84	0.00	0.00	85.82	5.68
pa	1	1000000	0.05	11	1	1.0		6.0220	0:00:06	274.09	315.99	267.95	268.37	0.00	0.00	85.80	5.68
pa	1	1000000	0.05	14	1	0.01		6.0198	0:00:06	214.07	243.89	208.12	208.58	0.00	0.00	85.74	5.69
pa	1	1000000	0.05	14	1	0.4	1.173	4.2848	0:00:04	205.71	223.71	199.76	200.18	0.00	0.00	84.01	4.11
pa	1	1000000	0.05	14	1	0.8	1.170	4.0872	0:00:04	198.55	217.87	192.43	192.88	0.00	0.00	76.13	3.61
pa	1	1000000	0.05	14	1	1.0	1.169	4.3683	0:00:04	203.34	222.51	197.42	197.84	0.00	0.00	82.69	4.12
pa	1	1000000	0.2	6	0	0.01		6.0837	0:00:06	962.66	1641.17	956.59	956.99	0.00	0.00	86.31	5.76
pa	1	1000000	0.2	6	0	0.4		6.0802	0:00:06	962.39	1641.17	956.59	957.03	0.00	0.00	85.70	5.72
pa	1	1000000	0.2	6	0	0.8		6.0512	0:00:06	962.83	1641.17	956.64	957.11	0.00	0.00	86.10	5.71
pa	1	1000000	0.2	6	0	1.0		6.0515	0:00:06	962.68	1641.17	956.59	957.05	0.00	0.00	85.93	5.71
pa	1	1000000	0.2	7	0	0.01		6.0436	0:00:06	533.66	750.98	527.64	528.08	0.00	0.00	85.20	5.65
pa	1	1000000	0.2	7	0	0.4		6.0391	0:00:06	511.05	731.43	505.09	505.52	0.00	0.00	85.47	5.66
pa	1	1000000	0.2	7	0	0.8		6.0357	0:00:06	465.80	670.98	459.95	460.39	0.00	0.00	85.82	5.69
pa	1	1000000	0.2	7	0	1.0		6.0393	0:00:06	476.81	684.13	470.80	471.23	0.00	0.00	85.63	5.68
pa	1	1000000	0.2	8	0	0.01		6.0357	0:00:06	371.54	396.52	365.43	365.86	0.00	0.00	85.84	5.70
pa	1	1000000	0.2	8	0	0.4		6.0343	0:00:06	354.00	382.43	348.12	348.54	0.00	0.00	85.82	5.68
pa	1	1000000	0.2	8	0	0.8		6.0419	0:00:06	345.05	376.07	339.23	339.65	0.00	0.00	85.29	5.68
pa	1	1000000	0.2	8	0	1.0		6.0338	0:00:06	377.97	411.05	372.47	372.89	0.00	0.00	86.34	5.72
pa	1	1000000	0.2	9	0	0.01		6.0339	0:00:06	368.39	408.30	362.48	362.98	0.00	0.00	86.27	5.72
pa	1	1000000	0.2	9	0	0.4		6.0384	0:00:06	377.93	417.99	371.84	372.27	0.00	0.00	85.63	5.68
pa	1	1000000	0.2	9	0	0.8		6.0319	0:00:06	389.89	432.98	383.98	384.43	0.00	0.00	85.59	5.68
pa	1	1000000	0.2	9	0	1.0		6.0449	0:00:06	390.93	435.56	385.54	385.97	0.00	0.00	86.02	5.70
pa	1	1000000	0.2	10	0	0.01		6.0376	0:00:06	424.89	480.00	418.85	419.24	0.00	0.00	85.62	5.67
pa	1	1000000	0.2	10	0	0.4		6.0413	0:00:06	387.59	445.58	381.69	382.07	0.00	0.00	86.19	5.72
pa	1	1000000	0.2	10	0	0.8		6.0374	0:00:06	368.38	428.58	362.75	363.14	0.00	0.00	85.83	5.68
pa	1	1000000	0.2	10	0	1.0		6.0300	0:00:06	333.34	373.39	327.52	327.94	0.00	0.00	85.53	5.67
pa	1	1000000	0.2	11	0	0.01		6.0426	0:00:06	404.11	457.53	398.04	398.46	0.00	0.00	86.04	5.70
pa	1	1000000	0.2	11	0	0.4		6.0390	0:00:06	398.34	452.59	392.59	393.01	0.00	0.00	85.85	5.70
pa	1	1000000	0.2	11	0	0.8		6.0378	0:00:06	402.19	456.00	396.11	396.54	0.00	0.00	85.79	5.69
pa	1	1000000	0.2	11	0	1.0		6.0375	0:00:06	391.89	446.65	386.14	386.58	0.00	0.00	85.49	5.67
pa	1	1000000	0.2	15	0	0.01		6.0418	0:00:06	452.62	495.77	447.20	447.63	0.00	0.00	85.59	5.68
pa	1	1000000	0.2	15	0	0.4		6.0405	0:00:06	443.36	486.92	437.41	437.87	0.00	0.00	85.76	5.68
pa	1	1000000	0.2	15	0	0.8		6.0416	0:00:06	451.65	494.62	446.09	446.52	0.00	0.00	85.42	5.66
pa	1	1000000	0.2	15	0	1.0		6.0402	0:00:06	443.43	487.11	437.98	438.40	0.00	0.00	85.59	5.68
pa	1	1000000	0.2	20	0	0.01		6.0449	0:00:06	496.98	529.68	491.03	491.48	0.00	0.00	85.37	5.66
pa	1	1000000	0.2	20	0	0.4		6.0410	0:00:06	494.25	527.20	488.19	488.64	0.00	0.00	85.24	5.66
pa	1	1000000	0.2	20	0	0.8		6.0409	0:00:06	484.76	519.16	479.32	479.76	0.00	0.00	85.27	5.66
pa	1	1000000	0.2	20	0	1.0		6.0426	0:00:06	477.57	512.22	471.75	472.18	0.00	0.00	85.57	5.67
pa	1	1000000	0.2	32	0	0.01		6.6930	0:00:06	11902.79	12392.13	12157.11	12157.55	0.00	0.00	77.34	5.68
pa	1	1000000	0.2	32	0	0.4		6.6621	0:00:06	11864.00	12392.13	12131.06	12131.51	0.00	0.00	77.29	5.65
pa	1	1000000	0.2	32	0	0.8		6.7339	0:00:06	11859.85	12392.13	12193.19	12193.62	0.00	0.00	77.52	5.72
pa	1	1000000	0.2	32	0	1.0		6.0062	0:00:06	10438.53	12392.13	10740.89	10741.30	0.00	0.00	77.93	5.18
pa	1	1000000	0.2	7	1	0.01		6.4791	0:00:06	6615.19	12492.15	6737.12	6737.54	0.00	0.00	76.86	5.49
pa	1	1000000	0.2	7	1	0.4		6.4358	0:00:06	5841.31	6348.15	5906.80	5907.20	0.00	0.00	77.36	5.51
pa	1	1000000	0.2	7	1	0.8		6.3682	0:00:06	5661.82	6348.15	5738.73	5739.17	0.00	0.00	76.77	5.40
pa	1	1000000	0.2	7	1	1.0		6.4479	0:00:06	5911.73	6348.15	5997.32	5997.76	0.00	0.00	77.22	5.48
pa	1	1000000	0.2	8	1	0.01		6.2633	0:00:06	3436.36	6346.51	3430.32	3430.75	0.00	0.00	78.08	5.40
pa	1	1000000	0.2	8	1	0.4		6.2437	0:00:06	3436.33	6346.51	3430.31	3430.72	0.00	0.00	78.64	5.41
pa	1	1000000	0.2	8	1	0.8		6.2701	0:00:06	3436.34	6346.51	3430.32	3430.74	0.00	0.00	78.15	5.40
pa	1	1000000	0.2	8	1	1.0		6.2630	0:00:06	3436.45	6346.51	3430.32	3430.76	0.00	0.00	78.60	5.42
pa	1	1000000	0.2	9	1	0.01		6.0708	0:00:06	1001.83	1733.03	995.65	996.11	0.00	0.00	87.37	5.81
pa	1	1000000	0.2	9	1	0.4		6.0696	0:00:06	1001.96	1733.02	995.66	996.12	0.00	0.00	87.19	5.81
pa	1	1000000	0.2	9	1	0.8		6.0729	0:00:06	1001.82	1733.02	995.67	996.11	0.00	0.00	87.60	5.82
pa	1	1000000	0.2	9	1	1.0		6.0949	0:00:06	1001.88	1733.02	995.66	996.06	0.00	0.00	87.05	5.82
pa	1	1000000	0.2	10	1	0.01		6.0442	0:00:06	482.48	682.40	476.39	476.78	0.00	0.00	86.03	5.70
pa	1	1000000	0.2	10	1	0.4		6.0383	0:00:06	440.54	632.59	434.30	434.69	0.00	0.00	86.32	5.71
pa	1	1000000	0.2	10	1	0.8		6.0470	0:00:06	506.88	698.60	500.98	501.38	0.00	0.00	85.46	5.69
pa	1	1000000	0.2	10	1	1.0		6.0439	0:00:06	497.73	688.68	491.79	492.22	0.00	0.00	85.76	5.69
pa	1	1000000	0.2	11	1	0.01		6.0381	0:00:06	334.16	409.38	328.23	328.64	0.00	0.00	85.45	5.67
pa	1	1000000	0.2	11	1	0.4		6.0274	0:00:06	297.27	357.11	290.96	291.42	0.00	0.00	85.98	5.70
pa	1	1000000	0.2	11	1	0.8		6.0340	0:00:06	379.77	443.33	373.89	374.32	0.00	0.00	85.71	5.69
pa	1	1000000	0.2	11	1	1.0		6.0395	0:00:06	468.89	530.44	462.69	463.11	0.00	0.00	85.30	5.65
pa	1	1000000	0.2	14	1	0.01		6.0352	0:00:06	331.48	357.82	325.31	325.74	0.00	0.00	86.04	5.70
pa	1	1000000	0.2	14	1	0.4		6.0311	0:00:06	326.28	357.86	320.54	320.95	0.00	0.00	85.60	5.67
pa	1	1000000	0.2	14	1	0.8		2.9912	0:00:02	172.66	183.74	166.66	167.08	0.00	0.00	68.58	2.56
pa	1	1000000	0.2	14	1	1.0		6.0325	0:00:06	311.15	350.82	305.27	305.68	0.00	0.00	85.91	5.69
